IdCN;NazwaCN;OpisCN;UwagaCN;IdStatus;Status;DataDodania;DodanyPrzez;DataModyfikacji;ZmodyfikowanyPrzez;DataUsuniecia;UsunietyPrzez
0601 10 10;Cebulki hiacyntów, w stanie uśpienia roślin;;;D;Dodany;2025-04-13 00:57:18;Darek Osuch;;;;
0601 10 20;Cebulki narcyzów, w stanie uśpienia roślin;;;D;Dodany;2025-04-13 00:57:18;Darek Osuch;;;;
0601 10 30;Cebulki tulipanów, w stanie uśpienia roślin;;;D;Dodany;2025-04-13 00:57:18;Darek Osuch;;;;
0601 10 40;Cebulki gliadioli, w stanie uśpienia roślin;;;D;Dodany;2025-04-13 00:57:18;Darek Osuch;;;;
0601 10 90;Cebulki, bulwy, korzenie bulwiaste, pędy podziemne korony i kłącza, w stanie uśpienia roślin (z wył. wykorzystywanych do spożycia przez ludzi, hiacyntów, narcyzów, tulipanów, gladioli oraz roślin i korzeni cykorii);;;D;Dodany;2025-04-13 00:57:18;Darek Osuch;;;;
0601 20 10;Rośliny cykorii i jej korzenie (z wył. korzeni cykorii odmiany Cichorium intybus sativum);;;D;Dodany;2025-04-13 00:57:18;Darek Osuch;;;;
0601 20 30;Cebulki orchidei, hiacyntów, narcyzów i tulipanów, w stanie wegetacji lub kwitnienia;;;D;Dodany;2025-04-13 00:57:18;Darek Osuch;;;;
0601 20 90;Cebulki, bulwy, korzenie bulwiaste, pędy podziemne korony i kłącza, w stanie wegetacji lub kwitnienia (z wył. wykorzystywanych do spożycia przez ludzi, orchidei, hiacyntów, narcyzów, tulipanów oraz roślin i korzeni cykorii);;;D;Dodany;2025-04-13 00:57:18;Darek Osuch;;;;
0602 10 10;Sadzonki i zrazy winorośli, nieukorzenione;;;D;Dodany;2025-04-13 00:57:18;Darek Osuch;;;;
0602 10 90;Sadzonki i zrazy (z wył. winorośli), nieukorzenione;;;D;Dodany;2025-04-13 00:57:18;Darek Osuch;;;;
0602 20 10;Sadzonki winorośli, szczepione lub ukorzenione;;;D;Dodany;2025-04-13 00:57:18;Darek Osuch;;;;
0602 20 20;Drzewa, krzewy i krzaki gatunków rodzących jadalne owoce lub orzechy, z gołymi korzeniami, nawet szczepione (z wył. sadzonek winorośli);;;D;Dodany;2025-04-13 00:57:18;Darek Osuch;;;;
0602 20 30;Drzewa i krzewy cytrusowe, nawet szczepione (z wył. z gołymi korzeniami);;;D;Dodany;2025-04-13 00:57:18;Darek Osuch;;;;
0602 20 80;Drzewa, krzewy i krzaki gatunków rodzących jadalne owoce lub orzechy, , nawet szczepione (z wył. z gołymi korzeniami, cytrusowych i sadzonek winorośli);;;D;Dodany;2025-04-13 00:57:18;Darek Osuch;;;;
0602 30 00;Rododendrony i azalie, nawet szczepione;;;D;Dodany;2025-04-13 00:57:18;Darek Osuch;;;;
0602 40 00;Róże, nawet szczepione;;;D;Dodany;2025-04-13 00:57:18;Darek Osuch;;;;
0602 90 10;Grzybnia;;;D;Dodany;2025-04-13 00:57:18;Darek Osuch;;;;
0602 90 20;Rośliny ananasa;;;D;Dodany;2025-04-13 00:57:18;Darek Osuch;;;;
0602 90 30;Rośliny warzyw, truskawek i poziomek;;;D;Dodany;2025-04-13 00:57:18;Darek Osuch;;;;
0602 90 45;Ukorzenione sadzonki i młode rośliny drzew, krzewów i krzaków, rosnące na wolnym powietrzu (z wył. drzew owocowych, leśnych i orzechowych);;;D;Dodany;2025-04-13 00:57:18;Darek Osuch;;;;
0602 90 46;Drzewa, krzewy i krzaki, rosnące na wolnym powietrzu, włącznie z ich korzeniami, z gołymi korzeniami (z wył. sadzonek, zrazów i młodych roślin oraz drzew owocowych, orzechowych i leśnych);;;D;Dodany;2025-04-13 00:57:18;Darek Osuch;;;;
0602 90 47;Drzewa, krzewy i krzaki, iglaków i roślin wiecznie zielonych, rosnące na wolnym powietrzu, włącznie z ich korzeniami  (z wył. z gołymi korzeniami, sadzonek, zrazów i młodych roślin oraz drzew owocowych, orzechowych i leśnych);;;D;Dodany;2025-04-13 00:57:18;Darek Osuch;;;;
0602 90 48;Drzewa, krzewy i krzaki rosnące na wolnym powietrzu, włącznie z ich korzeniami  (z wył. z gołymi korzeniami, sadzonek, zrazów i młodych roślin, iglaków i roślin wiecznie zielonych, oraz drzew owocowych, orzechowych i leśnych);;;D;Dodany;2025-04-13 00:57:18;Darek Osuch;;;;
0602 90 50;Rośliny, włącznie z ich korzeniami, żywe, rosnące na wolnym powietrzu (z wył. cebulek, bulw, korzeni bulwiastych, pędów podziemnych, koron i kłączy oraz roślin i korzeni cykorii, nieukorzenionych sadzonek, zrazów, rododendronów, azalii, róż, grzybni, roślin ananasa, rośliny warzyw, truskawek i poziomek, drzew, krzewów i krzaków);;;D;Dodany;2025-04-13 00:57:18;Darek Osuch;;;;
0602 90 70;Ukorzenione sadzonki i młode rośliny (z wył. kaktusów), rosnące w pomieszczeniach;;;D;Dodany;2025-04-13 00:57:18;Darek Osuch;;;;
0602 90 91;Rośliny kwiatowe z pąkami lub kwiatami (z wył. kaktusów), rosnące w pomieszczeniach;;;D;Dodany;2025-04-13 00:57:18;Darek Osuch;;;;
0602 90 99;Rośliny, także kaktusy, żywe, rosnące w pomieszczeniach, (z wył. ukorzenionych sadzonek i młodych roślin, roślin kwiatowych z pąkami lub kwiatami);;;D;Dodany;2025-04-13 00:57:18;Darek Osuch;;;;
0603 11 00;Róże cięte i pąki kwiatowe gatunków odpowiednich na bukiety lub do celów zdobniczych, świeże;;;D;Dodany;2025-04-13 00:57:18;Darek Osuch;;;;
0603 12 00;Goździki cięte i pąki kwiatowe gatunków odpowiednich na bukiety lub do celów zdobniczych, świeże;;;D;Dodany;2025-04-13 00:57:18;Darek Osuch;;;;
0603 13 00;Orchidee cięte i pąki kwiatowe gatunków odpowiednich na bukiety lub do celów zdobniczych, świeże;;;D;Dodany;2025-04-13 00:57:18;Darek Osuch;;;;
0603 14 00;Chryzantemy cięte i pąki kwiatowe gatunków odpowiednich na bukiety lub do celów zdobniczych, świeże;;;D;Dodany;2025-04-13 00:57:18;Darek Osuch;;;;
0603 15 00;Liliowate (Lilium spp.), cięte i pąki kwiatowe gatunków odpowiednich na bukiety lub do celów zdobniczych, świeże;;;D;Dodany;2025-04-13 00:57:18;Darek Osuch;;;;
0603 19 10;Gladiole cięte i pąki kwiatowe, na bukiety lub do celów zdobniczych, świeże;;;D;Dodany;2025-04-13 00:57:18;Darek Osuch;;;;
0603 19 20;Jaskry cięte i pąki kwiatowe, na bukiety lub do celów zdobniczych, świeże;;;D;Dodany;2025-04-13 00:57:18;Darek Osuch;;;;
0603 19 70;Kwiaty cięte i pąki kwiatowe gatunków odpowiednich na bukiety lub do celów zdobniczych, świeże (z wył. róż, goździków, orchidei, chryzantem, gladioli, jaskrów i liliowatych);;;D;Dodany;2025-04-13 00:57:18;Darek Osuch;;;;
0603 90 00;Kwiaty cięte i pąki kwiatowe gatunków odpowiednich na bukiety lub do celów zdobniczych, suszone, barwione, bielone, impregnowane lub w inny sposób przygotowane ;;;D;Dodany;2025-04-13 00:57:18;Darek Osuch;;;;
0604 20 20;Choinki bożonarodzeniowe, świeże;;;D;Dodany;2025-04-13 00:57:18;Darek Osuch;;;;
0701 10 00;Sadzeniaki ziemniaków;;;D;Dodany;2025-04-13 00:57:18;Darek Osuch;;;;
0701 90 10;Ziemniaki do produkcji skrobi, świeże lub schłodzone;;;D;Dodany;2025-04-13 00:57:18;Darek Osuch;;;;
0701 90 50;Ziemniaki młode, świeże lub schłodzone, od dnia 1 stycznia do dnia 30 czerwca;;;D;Dodany;2025-04-13 00:57:18;Darek Osuch;;;;
0701 90 90;Ziemniaki świeże lub schłodzone (z wył. ziemniaków młodych od 1 stycznia do dnia 30 czerwca, sadzeniaków i ziemniaków do produkcji skrobi);;;D;Dodany;2025-04-13 00:57:18;Darek Osuch;;;;
0702 00 00;Pomidory, świeże lub schłodzone;;;D;Dodany;2025-04-13 00:57:18;Darek Osuch;;;;
0703 10 11;Dymka, świeża lub schłodzona;;;D;Dodany;2025-04-13 00:57:18;Darek Osuch;;;;
0703 10 19;Cebula, świeża lub schłodzona (z wył. dymki);;;D;Dodany;2025-04-13 00:57:18;Darek Osuch;;;;
0703 10 90;Szalotka, świeża lub schłodzona;;;D;Dodany;2025-04-13 00:57:18;Darek Osuch;;;;
0703 20 00;Czosnek, świeży lub schłodzony;;;D;Dodany;2025-04-13 00:57:18;Darek Osuch;;;;
0703 90 00;Pory i pozostałe warzywa cebulowe, świeże lub schłodzone (z wył. cebuli, szalotki i czosnku);;;D;Dodany;2025-04-13 00:57:18;Darek Osuch;;;;
0704 10 10;Kalafiory i brokuły głowiaste, świeże lub schłodzone;;;D;Dodany;2025-04-13 00:57:18;Darek Osuch;;;;
0704 10 90;Świeże lub schłodzone kalafiory i brokuły z wył. kalafiorów i brokułów głowiastych;;;D;Dodany;2025-04-13 00:57:18;Darek Osuch;;;;
0704 20 00;Brukselka, świeża lub schłodzona;;;D;Dodany;2025-04-13 00:57:18;Darek Osuch;;;;
0704 90 10;Kapusta biała i kapusta czerwona, świeża lub schłodzona;;;D;Dodany;2025-04-13 00:57:18;Darek Osuch;;;;
0704 90 90;Kalarepa, jarmuż i podobne jadalne kapusty, świeże lub schłodzone (z wył. kalafiorów, brokułów głowiastych i brukselki, kapusty białej i kapusty czerwonej);;;D;Dodany;2025-04-13 00:57:18;Darek Osuch;;;;
0705 11 00;Sałata głowiasta, świeża lub schłodzona;;;D;Dodany;2025-04-13 00:57:18;Darek Osuch;;;;
0705 19 00;Sałata, świeża lub schłodzona (z wył. sałaty głowiastej);;;D;Dodany;2025-04-13 00:57:18;Darek Osuch;;;;
0705 21 00;Cykoria warzywna (cykoria brukselska),świeża lub schłodzona;;;D;Dodany;2025-04-13 00:57:18;Darek Osuch;;;;
0705 29 00;Cykoria (z wył. cykorii warzywnej), świeża lub schłodzona;;;D;Dodany;2025-04-13 00:57:18;Darek Osuch;;;;
0706 10 00;Marchew lub rzepa, świeże lub schłodzone;;;D;Dodany;2025-04-13 00:57:18;Darek Osuch;;;;
0706 90 10;Selery (korzeniowe lub niemieckie), świeże lub schłodzone;;;D;Dodany;2025-04-13 00:57:18;Darek Osuch;;;;
0706 90 30;Chrzan "Cochlearia armoracia", świeży lub schłodzony;;;D;Dodany;2025-04-13 00:57:18;Darek Osuch;;;;
0706 90 90;Buraki sałatkowe, salsefia, rzodkiewki i podobne korzenie jadalne (z wył. marchwi, rzepy, selera i chrzanu), świeże lub schłodzone;;;D;Dodany;2025-04-13 00:57:18;Darek Osuch;;;;
0707 00 05;Ogórki, świeże lub schłodzone;;;D;Dodany;2025-04-13 00:57:18;Darek Osuch;;;;
0707 00 90;Korniszony, świeże lub schłodzone;;;D;Dodany;2025-04-13 00:57:18;Darek Osuch;;;;
0708 10 00;Groch "Pisum sativum", łuskany lub niełuskany, świeży lub schłodzony;;;D;Dodany;2025-04-13 00:57:18;Darek Osuch;;;;
0708 20 00;Fasola "Vigna spp., Phaseolus spp.", łuskana lub niełuskana,  świeża lub schłodzona;;;D;Dodany;2025-04-13 00:57:18;Darek Osuch;;;;
0708 90 00;Warzywa strączkowe, łuskane lub niełuskane, świeże lub schłodzone (z wył. grochu "Pisum sativum" i fasoli [Vigna spp., Phaseolus spp.]);;;D;Dodany;2025-04-13 00:57:18;Darek Osuch;;;;
0709 20 00;Szparagi, świeże lub schłodzone ;;;D;Dodany;2025-04-13 00:57:18;Darek Osuch;;;;
0709 30 00;Oberżyny "bakłażany", świeże lub schłodzone ;;;D;Dodany;2025-04-13 00:57:18;Darek Osuch;;;;
0709 40 00;Selery inne niż seler korzeniowy, świeże lub schłodzone ;;;D;Dodany;2025-04-13 00:57:18;Darek Osuch;;;;
0709 51 00;Grzyby z rodzaju "Agaricus", świeże lub schłodzone ;;;D;Dodany;2025-04-13 00:57:18;Darek Osuch;;;;
0709 52 00;Grzyby z rodzaju Boletus, świeże lub schłodzone ;;;D;Dodany;2025-04-13 00:57:18;Darek Osuch;;;;
0709 53 00;Grzyby z rodzaju Cantharellus, świeże lub schłodzone ;;;D;Dodany;2025-04-13 00:57:18;Darek Osuch;;;;
0709 54 00;Grzyby shiitake (Lentinus edodes), świeże lub schłodzone ;;;D;Dodany;2025-04-13 00:57:18;Darek Osuch;;;;
0709 55 00;Grzyby matsutake (Tricholoma matsutake, Tricholoma magnivelare, Tricholoma anatolicum, Tricholoma dulciolens, Tricholoma caligatum), świeże lub schłodzone ;;;D;Dodany;2025-04-13 00:57:18;Darek Osuch;;;;
0709 56 00;Trufle (Tuber spp.), świeże lub schłodzone ;;;D;Dodany;2025-04-13 00:57:18;Darek Osuch;;;;
0709 59 00;Grzyby jadalne, świeże lub schłodzone (z wył. grzybów z rodzaju "Agaricus", "Boletus", "Cantharellus", grzybów shiitake (Lentinus edodes), grzybów matsutake (Tricholoma matsutake, Tricholoma magnivelare, Tricholoma anatolicum, Tricholoma dulciolens, Tricholoma caligatum), trufli (Tuber spp.));;;D;Dodany;2025-04-13 00:57:18;Darek Osuch;;;;
0709 60 10;Słodka papryka, świeża lub schłodzona ;;;D;Dodany;2025-04-13 00:57:18;Darek Osuch;;;;
0709 60 91;Owoce z rodzaju Capsicum, do produkcji pieprzu tureckiego lub barwników oleożywicznych Capsicum, świeże lub schłodzone ;;;D;Dodany;2025-04-13 00:57:18;Darek Osuch;;;;
0709 60 95;Owoce z rodzaju Capsicum lub z rodzaju Pimenta, do przemysłowej produkcji olejków eterycznych lub żywicznych, świeże lub schłodzone ;;;D;Dodany;2025-04-13 00:57:18;Darek Osuch;;;;
0709 60 99;Owoce z rodzaju Capsicum lub z rodzaju Pimenta, świeże lub schłodzone (z wył. do produkcji pieprzu tureckiego lub barwników oleożywicznych Capsicum, do przemysłowej produkcji olejków eterycznych lub żywicznych i słodkiej papryki);;;D;Dodany;2025-04-13 00:57:18;Darek Osuch;;;;
0709 70 00;Szpinak, szpinak nowozelandzki i szpinak ogrodowy, świeże lub schłodzone ;;;D;Dodany;2025-04-13 00:57:18;Darek Osuch;;;;
0709 91 00;Karczochy, świeże lub schłodzone;;;D;Dodany;2025-04-13 00:57:18;Darek Osuch;;;;
0709 92 10;Oliwki do celów innych niż produkcja oliwy, świeże lub schłodzone;;;D;Dodany;2025-04-13 00:57:18;Darek Osuch;;;;
0709 92 90;Oliwki do produkcji oliwy, świeże lub schłodzone;;;D;Dodany;2025-04-13 00:57:18;Darek Osuch;;;;
0709 93 10;Cukinia, świeża lub schłodzona;;;D;Dodany;2025-04-13 00:57:18;Darek Osuch;;;;
0709 93 90;Dynie, kabaczki i tykwy (Cucurbita spp.), świeże lub schłodzone (z wył. cukini);;;D;Dodany;2025-04-13 00:57:18;Darek Osuch;;;;
0709 99 10;Warzywa sałatowe inne niż sałata (Lactuca sativa) i cykoria (Cichorium spp.), świeże lub schłodzone;;;D;Dodany;2025-04-13 00:57:18;Darek Osuch;;;;
0709 99 20;Burak boćwina (lub boćwina szerokoogonkowa) i karczoch hiszpański, świeże lub schłodzone;;;D;Dodany;2025-04-13 00:57:18;Darek Osuch;;;;
0709 99 40;kapary, świeże lub schłodzone;;;D;Dodany;2025-04-13 00:57:18;Darek Osuch;;;;
0709 99 50;Koper, świeży lub schłodzony;;;D;Dodany;2025-04-13 00:57:18;Darek Osuch;;;;
0709 99 60;Kukurydza cukrowa, świeża lub schłodzona;;;D;Dodany;2025-04-13 00:57:18;Darek Osuch;;;;
0709 99 90;Warzywa, świeże lub schłodzone, gdzie indziej niesklasyfikowane;;;D;Dodany;2025-04-13 00:57:18;Darek Osuch;;;;
0713 10 10;Groch "Pisum sativum", suszony i łuskany, do siewu;;;D;Dodany;2025-04-13 00:57:18;Darek Osuch;;;;
0713 10 90;Groch "Pisum sativum", suszony i łuskany, nawet bez skórki lub dzielony (z wył. do siewu);;;D;Dodany;2025-04-13 00:57:18;Darek Osuch;;;;
0713 20 00;Ciecierzyca (cieciorka), suszona, łuskana, nawet bez skórki lub dzielona;;;D;Dodany;2025-04-13 00:57:18;Darek Osuch;;;;
0713 31 00;Fasola z gatunku Vigna mungo (L.) Hepper lub Vigna radiata (L.) Wilczek, suszona, łuskana, nawet bez skórki lub dzielona;;;D;Dodany;2025-04-13 00:57:18;Darek Osuch;;;;
0713 32 00;Fasolka czerwona mała "Adzuki" [Phaseolus lub Vigna angularis], suszona, łuskana, nawet bez skórki lub dzielona;;;D;Dodany;2025-04-13 00:57:18;Darek Osuch;;;;
0713 33 10;Fasola, włącznie z białą groszkową "Phaseolus vulgaris", suszona, łuskana, do siewu;;;D;Dodany;2025-04-13 00:57:18;Darek Osuch;;;;
0713 33 90;Fasola, włącznie z białą groszkową "Phaseolus vulgaris", suszona, łuskana, nawet bez skórki lub dzielona (z wył. do siewu);;;D;Dodany;2025-04-13 00:57:18;Darek Osuch;;;;
0713 34 00;Sorzycha ziemna (Vigna subterranea lub Voandzeia subterranea), suszona, łuskana, nawet bez skórki lub dzielona;;;D;Dodany;2025-04-13 00:57:18;Darek Osuch;;;;
0713 35 00;Fasolnik chiński (Vigna unguiculata), suszony, łuskany, nawet bez skórki lub dzielony;;;D;Dodany;2025-04-13 00:57:18;Darek Osuch;;;;
0713 39 00;Fasola [Vigna i Phaseolus], suszona, łuskana, nawet bez skórki lub dzielona (z wył. fasoli z gatunku "Vigna mungo (L.) Hepper lub Vigna radiata (L.) Wilczek", fasolki czerwonej, małej "Adzuki", fasoli "Phaseolus vulgaris", sorzycy ziemnej i fasolnika chińskiego);;;D;Dodany;2025-04-13 00:57:18;Darek Osuch;;;;
0713 40 00;Soczewica, suszona, łuskana, nawet bez skórki lub dzielona;;;D;Dodany;2025-04-13 00:57:18;Darek Osuch;;;;
0713 50 00;Bób [Vicia aba var. major] i bobik "Vicia faba var. equina, Vicia faba var. Minor", suszone, łuskane, nawet bez skórki lub dzielone;;;D;Dodany;2025-04-13 00:57:18;Darek Osuch;;;;
0713 60 00;Nikla indyjska (Cajanus cajan), suszony, łuskany, nawet bez skórki lub dzielony;;;D;Dodany;2025-04-13 00:57:18;Darek Osuch;;;;
0713 90 00;Warzywa strączkowe, suszone, łuskane, nawet bez skórki lub dzielone (z wył. grochu, ciecierzycy (cieciorki), fasoli, soczewicy, bobu, bobiku i nikli indyjskiej);;;D;Dodany;2025-04-13 00:57:18;Darek Osuch;;;;
0714 10 00;Korzenie i bulwy manioku "cassava", świeże, schłodzone, zamrożone lub suszone, nawet w plastrach, lub w postaci granulek;;;D;Dodany;2025-04-13 00:57:18;Darek Osuch;;;;
0714 20 10;Ziemniaki słodkie, świeże, całe, do spożycia przez ludzi;;;D;Dodany;2025-04-13 00:57:18;Darek Osuch;;;;
0714 20 90;Ziemniaki słodkie, świeże, schłodzone, zamrożone lub suszone, nawet w plastrach, lub w postaci granulek (z wył. ziemniaków słodkich, świeżych, całych, do spożycia przez ludzi);;;D;Dodany;2025-04-13 00:57:18;Darek Osuch;;;;
0714 30 00;Pochrzyn (ignam) (Dioscorea spp.), świeży, schłodzony, zamrożony lub suszony, nawet w plastrach, lub w postaci granulek;;;D;Dodany;2025-04-13 00:57:18;Darek Osuch;;;;
0714 40 00;Kolokazja jadalna (taro) (Colocasia spp.), świeża, schłodzona, zamrożona lub suszona, nawet w plastrach, lub w postaci granulek;;;D;Dodany;2025-04-13 00:57:18;Darek Osuch;;;;
0714 50 00;Ksantosoma (żółtosocza lub malanga) (Xanthosoma spp.), świeża, schłodzona, zamrożona lub suszona, nawet w plastrach, lub w postaci granulek;;;D;Dodany;2025-04-13 00:57:18;Darek Osuch;;;;
0714 90 20;Maranta, salep i podobne korzenie i bulwy o dużej zawartości skrobi, świeże, schłodzone, zamrożone lub suszone, nawet w plastrach, lub w postaci granulek (z wył. Manioku "cassava", słodkich ziemniaków, pochrzyna, kolokazja jadalnej i ksantosomy);;;D;Dodany;2025-04-13 00:57:18;Darek Osuch;;;;
0714 90 90;Korzenie i bulwy topinamburu i podobnych korzeni i bulw o dużej zawartości skrobi lub inuliny, świeże, schłodzone, zamrożone lub suszone, nawet w plastrach, lub w postaci granulek i rdzeń sagowca (z wył. korzeni i bulw manioku, maranty, salepu, słodkich ziemniaków i pochrzyna, kolokazja jadalnej i ksantosomy);;;D;Dodany;2025-04-13 00:57:18;Darek Osuch;;;;
0801 11 00;Orzechy kokosowe, suszone;;;D;Dodany;2025-04-13 00:57:18;Darek Osuch;;;;
0801 12 00;Orzechy kokosowe, w łupinie wewnętrznej (owocnia);;;D;Dodany;2025-04-13 00:57:18;Darek Osuch;;;;
0801 19 00;Orzechy kokosowe, świeże, nawet łuskane lub obrane (z wył. w łupinie wewnętrznej (owocnii));;;D;Dodany;2025-04-13 00:57:18;Darek Osuch;;;;
0801 21 00;Orzechy brazylijskie, świeże lub suszone, w łupinach;;;D;Dodany;2025-04-13 00:57:18;Darek Osuch;;;;
0801 31 00;Orzechy nerkowca, świeże lub suszone, w łupinach;;;D;Dodany;2025-04-13 00:57:18;Darek Osuch;;;;
0802 11 10;Migdały gorzkie, świeże lub suszone, w łupinach;;;D;Dodany;2025-04-13 00:57:18;Darek Osuch;;;;
0802 11 90;Migdały, świeże lub suszone, w łupinach (z wył. gorzkich);;;D;Dodany;2025-04-13 00:57:18;Darek Osuch;;;;
0802 21 00;Orzechy leszczyny "Corylus spp.", świeże lub suszone, w łupinach;;;D;Dodany;2025-04-13 00:57:18;Darek Osuch;;;;
0802 31 00;Orzechy włoskie, świeże lub suszone, w łupinach;;;D;Dodany;2025-04-13 00:57:18;Darek Osuch;;;;
0802 41 00;Kasztany "Castanea spp.", świeże lub suszone, w łupinach;;;D;Dodany;2025-04-13 00:57:18;Darek Osuch;;;;
0802 51 00;Pistacje, świeże lub suszone, w łupinach;;;D;Dodany;2025-04-13 00:57:18;Darek Osuch;;;;
0802 61 00;Orzechy makadamia, świeże lub suszone, w łupinach;;;D;Dodany;2025-04-13 00:57:18;Darek Osuch;;;;
0802 70 00;Orzechy kola (Cola spp.), świeże lub suszone, nawet łuskane lub obrane;;;D;Dodany;2025-04-13 00:57:18;Darek Osuch;;;;
0802 80 00;Orzechy areka, świeże lub suszone, nawet łuskane lub obrane;;;D;Dodany;2025-04-13 00:57:18;Darek Osuch;;;;
0802 91 00;Orzechy sosny, świeże lub suszone,w łupinach;;;D;Dodany;2025-04-13 00:57:18;Darek Osuch;;;;
0802 99 10;Orzechy pecan, swieże lub suszone;;;D;Dodany;2025-04-13 00:57:18;Darek Osuch;;;;
0802 99 90;Pozostałe orzechy, świeże lub suszone, nawet łuskane lub obrane, gdzie indziej niesklasyfikowane (z wył. orzechów kokosowych, orzechów brazylijskich,  orzechów nerkowca, migdałów, orzechów laskowych, orzechów włoskich, kasztanów, pistacji, orzechów makadamia, orzechów kola, orzechów areka i orzechów sosny);;;D;Dodany;2025-04-13 00:57:18;Darek Osuch;;;;
0803 10 10;Plantany, świeże;;;D;Dodany;2025-04-13 00:57:18;Darek Osuch;;;;
0803 90 11;Plátano de Canarias, świeże;;;D;Dodany;2025-04-13 00:57:18;Darek Osuch;;;;
0803 90 19;Banany, świeże (z wył. plantanów i Plátano de Canarias);;;D;Dodany;2025-04-13 00:57:18;Darek Osuch;;;;
0804 10 00;Daktyle, świeże lub suszone;;;D;Dodany;2025-04-13 00:57:18;Darek Osuch;;;;
0804 20 10;Figi, świeże;;;D;Dodany;2025-04-13 00:57:18;Darek Osuch;;;;
0804 30 00;Ananasy, świeże lub suszone;;;D;Dodany;2025-04-13 00:57:18;Darek Osuch;;;;
0804 40 00;Awokado, świeże lub suszone;;;D;Dodany;2025-04-13 00:57:18;Darek Osuch;;;;
0804 50 00;Guawa, mango i smaczelina, świeże lub suszone;;;D;Dodany;2025-04-13 00:57:18;Darek Osuch;;;;
0805 10 22;Pomarańcze pępkowe, świeże;;;D;Dodany;2025-04-13 00:57:18;Darek Osuch;;;;
0805 10 24;Pomarańcze białe, świeże;;;D;Dodany;2025-04-13 00:57:18;Darek Osuch;;;;
0805 10 28;Pomarańcze słodkie, świeże (z wył. Pępkowych I białych;;;D;Dodany;2025-04-13 00:57:18;Darek Osuch;;;;
0805 10 80;Pomarańcze, świeże lub suszone (z wył. świeżych pomarańcz słodkich);;;D;Dodany;2025-04-13 00:57:18;Darek Osuch;;;;
0805 21 10;Satsuma, świeże lub suszone  ;;;D;Dodany;2025-04-13 00:57:18;Darek Osuch;;;;
0805 21 90;Mandarynki, włącz. z tangerynami, świeże lub suszone  (z wył. klementynek i satsuma);;;D;Dodany;2025-04-13 00:57:18;Darek Osuch;;;;
0805 22 00;Klementynki, włącz. z monrealesami, świeże lub suszone ;;;D;Dodany;2025-04-13 00:57:18;Darek Osuch;;;;
0805 29 00;Wilkingi i podobne hybrydy cytrusowe, świeże lub suszone;;;D;Dodany;2025-04-13 00:57:18;Darek Osuch;;;;
0805 40 00;Grejpfruty i pomelo, świeże lub suszone;;;D;Dodany;2025-04-13 00:57:18;Darek Osuch;;;;
0805 50 10;Cytryny "Citrus limon, Citrus limonum", świeże lub suszone;;;D;Dodany;2025-04-13 00:57:18;Darek Osuch;;;;
0805 50 90;Limony "Citrus aurantifolia, Citrus latifolia", świeże lub suszone;;;D;Dodany;2025-04-13 00:57:18;Darek Osuch;;;;
0805 90 00;Owoce cytrusowe, świeże lub suszone (z wył. pomarańcz, cytryn "Citrus limon, Citrus limonum" i limonów "Citrus aurantifolia, Citrus latifolia", grejpfrutów, pomelo, mandarynek, włącz. z tangerynami i satsuma, klementynkami, wilkingami i podobnymi hybrydami cytrusowymi);;;D;Dodany;2025-04-13 00:57:18;Darek Osuch;;;;
0806 10 10;Winogrona stołowe, świeże;;;D;Dodany;2025-04-13 00:57:18;Darek Osuch;;;;
0806 10 90;Winogrona świeże (z wył. winogron stołowych);;;D;Dodany;2025-04-13 00:57:18;Darek Osuch;;;;
0807 11 00;Arbuzy, świeże;;;D;Dodany;2025-04-13 00:57:18;Darek Osuch;;;;
0807 19 00;Melony, świeże (z wył. arbuzów);;;D;Dodany;2025-04-13 00:57:18;Darek Osuch;;;;
0807 20 00;Papaje, świeże;;;D;Dodany;2025-04-13 00:57:18;Darek Osuch;;;;
0808 10 10;Jabłka na cydr (cidr), luzem, od dnia 16 września do dnia 15 grudnia, świeże;;;D;Dodany;2025-04-13 00:57:18;Darek Osuch;;;;
0808 10 80;Jabłka, świeże (z wył. jabłek na cydr (cidr), luzem, od dnia 16 września do dnia 15 grudnia);;;D;Dodany;2025-04-13 00:57:18;Darek Osuch;;;;
0808 30 10;Gruszki na perry, luzem, od dnia 1 sierpnia do dnia 31 grudnia, świeże;;;D;Dodany;2025-04-13 00:57:18;Darek Osuch;;;;
0808 30 90;Gruszki, świeże (z wył. gruszek na perry, luzem, od dnia 1 sierpnia do dnia 31 grudnia);;;D;Dodany;2025-04-13 00:57:18;Darek Osuch;;;;
0808 40 00;Pigwy, świeże;;;D;Dodany;2025-04-13 00:57:18;Darek Osuch;;;;
0809 10 00;Morele, świeże;;;D;Dodany;2025-04-13 00:57:18;Darek Osuch;;;;
0809 21 00;Wiśnie (Prunus cerasus), świeże;;;D;Dodany;2025-04-13 00:57:18;Darek Osuch;;;;
0809 29 00;Wiśnie i czereśnie, świeże (z wył. wiśni (Prunus cerasus));;;D;Dodany;2025-04-13 00:57:18;Darek Osuch;;;;
0809 30 20;Brzoskwinie płaskoowocowe (Prunus persica var. platycarpa) i nektaryny płaskoowocowe (Prunus persica var. platerina), świeże;;;D;Dodany;2025-04-13 00:57:18;Darek Osuch;;;;
0809 30 30;Nektaryny, świeże, z wył. nektaryn płaskoowocowych (Prunus persica var. platerina);;;D;Dodany;2025-04-13 00:57:18;Darek Osuch;;;;
0809 30 80;Brzoskwinie, świeże, z wył. brzoskwiń płaskoowocowych i nektaryn;;;D;Dodany;2025-04-13 00:57:18;Darek Osuch;;;;
0809 40 05;Śliwki, świeże;;;D;Dodany;2025-04-13 00:57:18;Darek Osuch;;;;
0809 40 90;Owoce tarniny, świeże;;;D;Dodany;2025-04-13 00:57:18;Darek Osuch;;;;
0810 10 00;Truskawki i poziomki, świeże;;;D;Dodany;2025-04-13 00:57:18;Darek Osuch;;;;
0810 20 10;Maliny, świeże;;;D;Dodany;2025-04-13 00:57:18;Darek Osuch;;;;
0810 20 90;Jeżyny, morwy i owoce mieszańców malin z jeżynami, świeże;;;D;Dodany;2025-04-13 00:57:18;Darek Osuch;;;;
0810 30 10;Porzeczki czarne, świeże;;;D;Dodany;2025-04-13 00:57:18;Darek Osuch;;;;
0810 30 30;Porzeczki czerwone, świeże;;;D;Dodany;2025-04-13 00:57:18;Darek Osuch;;;;
0810 30 90;Porzeczki białe i agrest, świeże;;;D;Dodany;2025-04-13 00:57:18;Darek Osuch;;;;
0810 40 10;Borówki brusznice lub borówki czerwone "owoce z gatunku Vaccinium vitis-idaea", świeże;;;D;Dodany;2025-04-13 00:57:18;Darek Osuch;;;;
0810 40 30;Owoce z gatunku Vaccinium myrtillus, świeże;;;D;Dodany;2025-04-13 00:57:18;Darek Osuch;;;;
0810 40 50;Owoce z gatunków Vaccinium macrocarpon i Vaccinium corymbosum, świeże;;;D;Dodany;2025-04-13 00:57:18;Darek Osuch;;;;
0810 40 90;Owoce z rodzaju Vaccinium ( z wył. z gatunku Vaccinium vitis-idaea, myrtillus, macrocarpum i corymbosum), świeże;;;D;Dodany;2025-04-13 00:57:18;Darek Osuch;;;;
0810 50 00;Owoce kiwi, świeże;;;D;Dodany;2025-04-13 00:57:18;Darek Osuch;;;;
0810 60 00;Duriany właściwe, świeże;;;D;Dodany;2025-04-13 00:57:18;Darek Osuch;;;;
0810 70 00;Owoce persymony (kaki), świeże;;;D;Dodany;2025-04-13 00:57:18;Darek Osuch;;;;
0810 90 20;Tamaryndy, jabłka nerkowca, liczi (śliwki chińskie), owoce chlebowca (jackfruit), śliwy sączyńca, owoce męczennicy, oskomianu (carambola), pitahaya, świeże;;;D;Dodany;2025-04-13 00:57:18;Darek Osuch;;;;
0810 90 75;Jadalne owoce (z wył. orzechów, bananów, daktyli, fig, ananasów, awokado, guawy, mango, smaczeliny, papai, owoców cytrusowych, winogron, melonów, jabłek, gruszek, pigw, moreli, wiśni, czereśni, brzoskwiń, śliwek, owoców tarniny, truskawek, poziomek, malin, jeżyn, morw, owoców mieszańców malin z jeżynami, żurawin, borówek czarnych, owoców z rodzaju Vaccinium, owoców kiwi, durians, owoce persymony, porzeczek czarne, białe lub czerwone, agrestu, tamaryndy, jabłka nerkowca, liczi (śliwki chińskie), owoce chlebowca (jackfruit), śliwy sączyńca, owoce męczennicy, oskomianu (carambola) i pitahaya), świeże;;;D;Dodany;2025-04-13 00:57:18;Darek Osuch;;;;
0901 11 00;Kawa (z wył. palonej i bezkofeinowej);;;D;Dodany;2025-04-13 00:57:18;Darek Osuch;;;;
0902 20 00;Herbata zielona (niefermentowana), w bezpośrednich opakowaniach o zawartości > 3 kg;;;D;Dodany;2025-04-13 00:57:18;Darek Osuch;;;;
0902 40 00;Herbata czarna (fermentowana) i herbata częściowo fermentowana, w bezpośrednich opakowaniach o zawartości > 3 kg;;;D;Dodany;2025-04-13 00:57:18;Darek Osuch;;;;
0903 00 00;Maté (herbata paragwajska);;;D;Dodany;2025-04-13 00:57:18;Darek Osuch;;;;
0904 11 00;Pieprz z rodzaju Piper, nierozgniatany ani niemielony;;;D;Dodany;2025-04-13 00:57:18;Darek Osuch;;;;
0904 21 10;Słodka papryka (Capsicum annuum), suszona, nierozgniatana ani niemielona;;;D;Dodany;2025-04-13 00:57:18;Darek Osuch;;;;
0904 21 90;Owoce z rodzaju Capsicum lub z rodzaju Pimenta, suszone, nierozgniatane ani niemielone (z wył. słodkiej papryki);;;D;Dodany;2025-04-13 00:57:18;Darek Osuch;;;;
0905 10 00;Wanilia, nierozgniatana ani niemielona;;;D;Dodany;2025-04-13 00:57:18;Darek Osuch;;;;
0906 11 00;Cynamon "Cinnamomum zeylanicum Blume" (z wył. rozgniatanego lub mielonego);;;D;Dodany;2025-04-13 00:57:18;Darek Osuch;;;;
0906 19 00;Cynamon i kwiaty cynamonowca nierozgniatane ani niemielone (z wył. cynamonu "Cinnamomum zeylanicum Blume");;;D;Dodany;2025-04-13 00:57:18;Darek Osuch;;;;
0907 10 00;Goździki (całe owoce, kwiaty i szypułki), nierozgniatane ani niemielone;;;D;Dodany;2025-04-13 00:57:18;Darek Osuch;;;;
0908 11 00;Gałka muszkatołowa, nierozgniatana ani niemielona;;;D;Dodany;2025-04-13 00:57:18;Darek Osuch;;;;
0908 21 00;Kwiat muszkatołowy, nierozgniatany ani niemielony;;;D;Dodany;2025-04-13 00:57:18;Darek Osuch;;;;
0908 31 00;Kardamony, nierozgniatane ani niemielone;;;D;Dodany;2025-04-13 00:57:18;Darek Osuch;;;;
0909 21 00;Nasiona kolendry, nierozgniatane ani niemielone;;;D;Dodany;2025-04-13 00:57:18;Darek Osuch;;;;
0909 31 00;Nasiona kminu rzymskiego, nierozgniatane ani niemielone;;;D;Dodany;2025-04-13 00:57:18;Darek Osuch;;;;
0909 61 00;Nasiona anyżku, badianu, kminku lub kopru, jagody jałowca, nierozgniatane ani niemielone;;;D;Dodany;2025-04-13 00:57:18;Darek Osuch;;;;
0910 11 00;Imbir, nierozgniatany ani niemielony;;;D;Dodany;2025-04-13 00:57:18;Darek Osuch;;;;
0910 20 10;Szafran (z wył. rozgniatanego lub mielonego);;;D;Dodany;2025-04-13 00:57:18;Darek Osuch;;;;
0910 30 00;Kurkuma;;;D;Dodany;2025-04-13 00:57:18;Darek Osuch;;;;
0910 91 05;Curry;;;D;Dodany;2025-04-13 00:57:18;Darek Osuch;;;;
0910 91 10;Mieszanki różnych rodzajów przypraw korzennych (z wył. rozgniatanych lub mielonych i curry);;;D;Dodany;2025-04-13 00:57:18;Darek Osuch;;;;
0910 99 10;Nasiona kozieradki;;;D;Dodany;2025-04-13 00:57:18;Darek Osuch;;;;
0910 99 31;Macierzanka piaskowa "Thymus serpyllum L." (z wył. Rozgniatanej lub mielonej);;;D;Dodany;2025-04-13 00:57:18;Darek Osuch;;;;
0910 99 33;Tymianek (z wył. rozgniatanego lub mielonego i macierzanki piaskowej);;;D;Dodany;2025-04-13 00:57:18;Darek Osuch;;;;
0910 99 50;Liście laurowe;;;D;Dodany;2025-04-13 00:57:18;Darek Osuch;;;;
0910 99 91;"Przyprawy korzenne nierozgniatane ani niemielone (z wył. pieprzu z rodzaju Piper; owoców z rodzaju Capsicum lub z rodzaju Pimenta, wanilii, cynamonu, kwiatów cynamonowca, goździków [całe owoce], szypułek i kwiatów goździków, gałki muszkatołowej, kwiatu muszkatołowego, kardamonu, nasion anyżku, badianu, kopru, kolendry, kminu lub kminku, jagód jałowca, imbiru, szafranu, kurkumy, tymianku, liści laurowych, curry, nasion kozieradki, i mieszanek różnych rodzajów przypraw korzennych)";;;D;Dodany;2025-04-13 00:57:18;Darek Osuch;;;;
1001 11 00;Nasiona pszenicy durum;;;D;Dodany;2025-04-13 00:57:18;Darek Osuch;;;;
1001 19 00;Pszenica durum (z wył. nasion);;;D;Dodany;2025-04-13 00:57:18;Darek Osuch;;;;
1001 91 10;Nasiona orkisza;;;D;Dodany;2025-04-13 00:57:18;Darek Osuch;;;;
1001 91 20;Nasiona pszenicy zwyczajnej i meslin;;;D;Dodany;2025-04-13 00:57:18;Darek Osuch;;;;
1001 91 90;Nasiona pszenicy (z wył. durum, pszenicy zwyczajnej i orkisza);;;D;Dodany;2025-04-13 00:57:18;Darek Osuch;;;;
1001 99 00;Pszenica i meslin (z wył. nasion i pszenicy durum);;;D;Dodany;2025-04-13 00:57:18;Darek Osuch;;;;
1002 10 00;Nasiona żyta;;;D;Dodany;2025-04-13 00:57:18;Darek Osuch;;;;
1002 90 00;Żyto (z wył. nasion);;;D;Dodany;2025-04-13 00:57:18;Darek Osuch;;;;
1003 10 00;Nasiona jęczmienia;;;D;Dodany;2025-04-13 00:57:18;Darek Osuch;;;;
1003 90 00;Jęczmień (z wył. nasion);;;D;Dodany;2025-04-13 00:57:18;Darek Osuch;;;;
1004 10 00;Nasiona owsa;;;D;Dodany;2025-04-13 00:57:18;Darek Osuch;;;;
1004 90 00;Owies (z wył. nasion);;;D;Dodany;2025-04-13 00:57:18;Darek Osuch;;;;
1005 10 13;Hybrydy trójkrzyżowe nasion kukurydzy;;;D;Dodany;2025-04-13 00:57:18;Darek Osuch;;;;
1005 10 15;Hybrydy zwykłe nasion kukurydzy;;;D;Dodany;2025-04-13 00:57:18;Darek Osuch;;;;
1005 10 18;Hybrydy nasion kukurydzy (z wył. hybryd trójkrzyżowych i hybryd zwykłych);;;D;Dodany;2025-04-13 00:57:18;Darek Osuch;;;;
1005 10 90;Nasiona kukurydzy (z wył. hybryd);;;D;Dodany;2025-04-13 00:57:18;Darek Osuch;;;;
1005 90 00;Kukurydza (z wył. nasion);;;D;Dodany;2025-04-13 00:57:18;Darek Osuch;;;;
1006 10 10;Ryż niełuskany do siewu;;;D;Dodany;2025-04-13 00:57:18;Darek Osuch;;;;
1006 10 30;Ryż niełuskany, okrągłoziarnisty;;;D;Dodany;2025-04-13 00:57:18;Darek Osuch;;;;
1006 10 50;Ryż niełuskany, średnioziarnisty;;;D;Dodany;2025-04-13 00:57:18;Darek Osuch;;;;
1006 10 71;Ryż niełuskany, długoziarnisty , o stosunku długości do szerokości > 2, ale < 3;;;D;Dodany;2025-04-13 00:57:18;Darek Osuch;;;;
1006 10 79;Ryż niełuskany, długoziarnisty , o stosunku długości do szerokości >= 3;;;D;Dodany;2025-04-13 00:57:18;Darek Osuch;;;;
1006 10 90;Ryż niełuskany, pozostały, z wył. okrągłoziarnistego, średnioziarnistego, długoziarnistego;;;D;Dodany;2025-04-13 00:57:18;Darek Osuch;;;;
1007 10 10;Hybrydy nasion sorgo;;;D;Dodany;2025-04-13 00:57:18;Darek Osuch;;;;
1007 10 90;Nasiona sorgo (z wył. hybryd);;;D;Dodany;2025-04-13 00:57:18;Darek Osuch;;;;
1007 90 00;Ziarno sorgo (z wył. nasion);;;D;Dodany;2025-04-13 00:57:18;Darek Osuch;;;;
1008 10 00;Gryka;;;D;Dodany;2025-04-13 00:57:18;Darek Osuch;;;;
1008 21 00;Nasiona prosa (z wył. ziarna sorgo);;;D;Dodany;2025-04-13 00:57:18;Darek Osuch;;;;
1008 29 00;Proso (z wył. ziarna sorgo i nasion);;;D;Dodany;2025-04-13 00:57:18;Darek Osuch;;;;
1008 30 00;Ziarno mozgi kanaryjskiei;;;D;Dodany;2025-04-13 00:57:18;Darek Osuch;;;;
1008 40 00;Palusznik (Digitaria spp.);;;D;Dodany;2025-04-13 00:57:18;Darek Osuch;;;;
1008 50 00;Komosa ryżowa (Chenopodium quinoa);;;D;Dodany;2025-04-13 00:57:18;Darek Osuch;;;;
1008 60 00;Pszenżyto;;;D;Dodany;2025-04-13 00:57:18;Darek Osuch;;;;
1008 90 00;Zboża (z wył. pszenicy i meslin, żyta, jęczmienia, owsa, kukurydzy, ryżu, ziarna sorgo, gryki, prosa i mozgi kanaryjskiej, mozgi kanaryjskiej, palusznika i pszenżyta);;;D;Dodany;2025-04-13 00:57:18;Darek Osuch;;;;
1201 10 00;Nasiona soi;;;D;Dodany;2025-04-13 00:57:18;Darek Osuch;;;;
1201 90 00;Ziarno soi, nawet łamane (z wył. nasion);;;D;Dodany;2025-04-13 00:57:18;Darek Osuch;;;;
1202 30 00;Nasiona orzeszków ziemnych;;;D;Dodany;2025-04-13 00:57:18;Darek Osuch;;;;
1202 41 00;Orzeszki ziemne, w łupinkach (z wył. nasion, prażonych lub poddanych w inny sposób obróbce cieplnej);;;D;Dodany;2025-04-13 00:57:18;Darek Osuch;;;;
1203 00 00;Kopra;;;D;Dodany;2025-04-13 00:57:18;Darek Osuch;;;;
1204 00 10;Nasiona lnu, do siewu;;;D;Dodany;2025-04-13 00:57:18;Darek Osuch;;;;
1204 00 90;Nasiona lnu (z wył. do siewu);;;D;Dodany;2025-04-13 00:57:18;Darek Osuch;;;;
1205 10 10;Nasiona rzepaku lub rzepiku, o niskiej zawartości kwasu erukowego, z których uzyskuje się olej roślinny, o zawartości kwasu erukowego < 2 % masy i o zawartości składników stałych glukozynoladów < 30 mikromoli/g, do siewu;;;D;Dodany;2025-04-13 00:57:18;Darek Osuch;;;;
1205 10 90;Nasiona rzepaku lub rzepiku, o niskiej zawartości kwasu erukowego, z których uzyskuje się olej roślinny, o zawartości kwasu erukowego < 2 % masy i o zawartości składników stałych glukozynoladów < 30 mikromoli/g (z wył. do siewu);;;D;Dodany;2025-04-13 00:57:18;Darek Osuch;;;;
1205 90 00;Nasiona rzepaku lub rzepiku, o wysokiej zawartości kwasu erukowego, z których uzyskuje się olej roślinny, o zawartości kwasu erukowego >= 2 % masy i o zawartości składników stałych glukozynoladów >= 30 mikromoli/g, nawet łamane;;;D;Dodany;2025-04-13 00:57:18;Darek Osuch;;;;
1206 00 10;Nasiona słonecznika, do siewu;;;D;Dodany;2025-04-13 00:57:18;Darek Osuch;;;;
1206 00 91;Nasiona słonecznika, nawet łamane, wyłuskane, lub w łusce w paski szaro-białe (z wył. do siewu);;;D;Dodany;2025-04-13 00:57:18;Darek Osuch;;;;
1206 00 99;Nasiona słonecznika, nawet łamane (z wył. do siewu, wyłuskanych i w łusce w paski szaro-białe);;;D;Dodany;2025-04-13 00:57:18;Darek Osuch;;;;
1207 10 00;Orzechy palmowe i jądra;;;D;Dodany;2025-04-13 00:57:18;Darek Osuch;;;;
1207 21 00;Nasiona bawełny;;;D;Dodany;2025-04-13 00:57:18;Darek Osuch;;;;
1207 29 00;Ziarno bawełny (z wył. nasion);;;D;Dodany;2025-04-13 00:57:18;Darek Osuch;;;;
1207 30 00;Nasiona rącznika;;;D;Dodany;2025-04-13 00:57:18;Darek Osuch;;;;
1207 40 10;Nasiona sezamu do siewu;;;D;Dodany;2025-04-13 00:57:18;Darek Osuch;;;;
1207 40 90;Nasiona sezamu, nawet łamane (z wył. do siewu);;;D;Dodany;2025-04-13 00:57:18;Darek Osuch;;;;
1207 50 10;Nasiona gorczycy do siewu;;;D;Dodany;2025-04-13 00:57:18;Darek Osuch;;;;
1207 50 90;Nasiona gorczycy, nawet łamane (z wył. do siewu);;;D;Dodany;2025-04-13 00:57:18;Darek Osuch;;;;
1207 60 00;Nasiona krokosza (Carthamus tinctorius);;;D;Dodany;2025-04-13 00:57:18;Darek Osuch;;;;
1207 70 00;Nasiona melona;;;D;Dodany;2025-04-13 00:57:18;Darek Osuch;;;;
1207 91 10;Nasiona maku do siewu;;;D;Dodany;2025-04-13 00:57:18;Darek Osuch;;;;
1207 91 90;Nasiona maku, nawet łamane (z wył. do siewu);;;D;Dodany;2025-04-13 00:57:18;Darek Osuch;;;;
1207 99 20;Nasiona i owoce oleiste, nawet łamane (z wył. jadalnych orzechów, oliwek, nasion soi, orzeszków ziemnych, kopry, nasion lnu, nasion rzepaku lub rzepiku, nasion słonecznika, orzechów palmowych i jąder, bawełny, nasion rącznika, sezamu, gorczycy, krokosza, melona i maku);;;D;Dodany;2025-04-13 00:57:18;Darek Osuch;;;;
1207 99 91;Ziarna konopi, nawet łamane (z wył. nasion);;;D;Dodany;2025-04-13 00:57:18;Darek Osuch;;;;
1207 99 96;Ziarna i owoce oleiste, nawet łamane (z wył. nasion i jadalnych orzechów, oliwek, nasion soi, orzeszków ziemnych, kopry, nasion lnu, nasion rzepaku lub rzepiku, nasion słonecznika, orzechów palmowych i jąder, bawełny, nasion rącznika, sezamu, gorczycy, krokosza, melona, maku i konopi);;;D;Dodany;2025-04-13 00:57:18;Darek Osuch;;;;
1209 10 00;Nasiona buraków cukrowych, do siewu;;;D;Dodany;2025-04-13 00:57:18;Darek Osuch;;;;
1209 21 00;Nasiona lucerny (alfalfa), do siewu;;;D;Dodany;2025-04-13 00:57:18;Darek Osuch;;;;
1209 22 10;Nasiona koniczyny czerwonej "Trifolium pratense L.", do siewu;;;D;Dodany;2025-04-13 00:57:18;Darek Osuch;;;;
1209 22 80;Nasiona koniczyny "Trifolium spp.", do siewu (z wył. koniczyny czerwonej "Trifolium pratense L.");;;D;Dodany;2025-04-13 00:57:18;Darek Osuch;;;;
1209 23 11;Nasiona kostrzewy łąkowej "Festuca pratensis Huds", do siewu;;;D;Dodany;2025-04-13 00:57:18;Darek Osuch;;;;
1209 23 15;Nasiona kostrzewy czerwonej "Festuca rubra L.", do siewu;;;D;Dodany;2025-04-13 00:57:18;Darek Osuch;;;;
1209 23 80;Nasiona kostrzewy, do siewu (z wył. kostrzewy łąkowej "Festuca pratensis Huds", kostrzewy czerwonej "Festuca rubra L.");;;D;Dodany;2025-04-13 00:57:18;Darek Osuch;;;;
1209 24 00;Nasiona wiechliny łąkowej "Poa pratensis L.", do siewu;;;D;Dodany;2025-04-13 00:57:18;Darek Osuch;;;;
1209 25 10;Rajgras włoski (życica wielokwiatowa), włącznie z rajgrasem westerwoldzkim "Lolium multiflorum Lam.", do siewu;;;D;Dodany;2025-04-13 00:57:18;Darek Osuch;;;;
1209 25 90;Rajgras angielski (życica trwała) "Lolium perenne L.", do siewu;;;D;Dodany;2025-04-13 00:57:18;Darek Osuch;;;;
1209 29 45;"Nasiona tymotki; nasiona wyki; nasiona wiechliny z rodzaju Poa (Poa palustris L., Poa trivialis L.); nasiona kupkówki (Dactylis glomerata L.) i nasiona mietlicy (Agrostis)";;;D;Dodany;2025-04-13 00:57:18;Darek Osuch;;;;
1209 29 50;Nasiona łubinu, do siewu;;;D;Dodany;2025-04-13 00:57:18;Darek Osuch;;;;
1209 29 60;Nasiona buraka pastewnego "Beta vulgaris var. alba", do siewu;;;D;Dodany;2025-04-13 00:57:18;Darek Osuch;;;;
1209 29 80;Nasiona roślin pastewnych, do siewu (z wył. zbóż i buraka pastewnego, buraka cukrowego, lucerny, koniczyny [Trifolium spp.], kostrzewy, wiechliny łąkowej [Poa pratensis L.], rajgrasu [Lolium multiflorum Lam., Lolium perenne L., tymotki, wyki, wiechliny z rodzaju Poa [Poa palustris L., Poa trivialis L.], nasion kupkówki [Dactylis glomerata L.] nasion mietlicy [Agrostis], łubinu);;;D;Dodany;2025-04-13 00:57:18;Darek Osuch;;;;
1209 30 00;Nasiona roślin zielnych (ziołowych) hodowanych głównie dla ich kwiatów, do siewu;;;D;Dodany;2025-04-13 00:57:18;Darek Osuch;;;;
1209 91 30;Nasiona buraka ćwikłowego [Beta vulgaris var. Conditiva], do siewu;;;D;Dodany;2025-04-13 00:57:18;Darek Osuch;;;;
1209 91 80;Nasiona warzyw, do siewu (z wył. nasion buraka ćwikłowego [Beta vulgaris var. Conditiva]);;;D;Dodany;2025-04-13 00:57:18;Darek Osuch;;;;
1209 99 91;Nasiona roślin innych niż ziołowe, hodowanych głównie dla ich kwiatów, do siewu;;;D;Dodany;2025-04-13 00:57:18;Darek Osuch;;;;
1209 99 99;Nasiona, owoce i zarodniki, do siewu (z wył. warzyw strączkowych i kukurydzy cukrowej, kawy, herbaty, mate i przypraw korzennych, zbóż, nasion lub owoców oleistych, buraków, roślin pastewnych, nasion warzyw, nasion drzew leśnych, i nasion roślin hodowanych głównie dla ich kwiatów lub stosowanych głównie w przemyśle perfumeryjnym, farmacji lub do celów owadobójczych, grzybobójczych lub podobnych);;;D;Dodany;2025-04-13 00:57:18;Darek Osuch;;;;
1210 10 00;Szyszki chmielowe, świeże lub suszone (z wył. mielonych, sproszkowanych lub w formie granulek);;;D;Dodany;2025-04-13 00:57:18;Darek Osuch;;;;
1210 20 10;"Szyszki chmielowe, mielone, sproszkowane lub w formie granulek, z podwyższoną zawartością lupuliny; lupulina";;;D;Dodany;2025-04-13 00:57:18;Darek Osuch;;;;
1210 20 90;Szyszki chmielowe, mielone, sproszkowane lub w formie granulek (z wył. z podwyższoną zawartością lupuliny);;;D;Dodany;2025-04-13 00:57:18;Darek Osuch;;;;
1211 20 00;Korzenie żeńszenia, świeże, schłodzone, zamrożone lub suszone, nawet krojone, kruszone lub proszkowane;;;D;Dodany;2025-04-13 00:57:18;Darek Osuch;;;;
1211 30 00;Liście krzewu kokainowego, świeże, schłodzone, zamrożone lub suszone, nawet krojone, kruszone lub proszkowane;;;D;Dodany;2025-04-13 00:57:18;Darek Osuch;;;;
1211 40 00;Słoma makowa, świeża, schłodzona, zamrożona lub suszona, nawet krojona, kruszona lub proszkowana;;;D;Dodany;2025-04-13 00:57:18;Darek Osuch;;;;
1211 50 00;Przęśl i jej części, włącznie z nasionami i owocami, świeże lub suszone, nawet krojone, kruszone lub proszkowane;;;D;Dodany;2025-04-13 00:57:18;Darek Osuch;;;;
1211 60 00;Kora wiśni afrykańskiej (Prunus africana), świeża, schłodzona, zamrożona lub suszona, nawet krojona, kruszona lub proszkowana;;;D;Dodany;2025-04-13 00:57:18;Darek Osuch;;;;
1211 90 30;Tonkowiec wonny, świeży, schłodzony, zamrożony lub suszony, nawet krojony, kruszony lub proszkowany;;;D;Dodany;2025-04-13 00:57:18;Darek Osuch;;;;
1211 90 86;Rośliny i części roślin, włącznie z nasionami i owocami, w rodzaju stosowanych głównie w perfumerii, farmacji lub stosowane do celów owadobójczych, grzybobójczych lub podobnych, świeże, schłodzone, zamrożone lub suszone, nawet krojone, kruszone lub proszkowane (z wył. korzeni żeńszenia, liści krzewu kokainowego, słomy makowej, tonkowca wonnego, przęśla i jej części oraz kory wiśni afrykańskiej);;;D;Dodany;2025-04-13 00:57:18;Darek Osuch;;;;
1212 91 20;Burak cukrowy, suszony, nawet mielony;;;D;Dodany;2025-04-13 00:57:18;Darek Osuch;;;;
1212 91 80;Burak cukrowy, świeży, schłodzony, zamrożony;;;D;Dodany;2025-04-13 00:57:18;Darek Osuch;;;;
1212 92 00;Chleb świętojański, świeży, schłodzony, zamrożony lub suszony, nawet mielony;;;D;Dodany;2025-04-13 00:57:18;Darek Osuch;;;;
1212 93 00;Trzcina cukrowa, świeża, schłodzona, zamrożona lub suszona, nawet mielona;;;D;Dodany;2025-04-13 00:57:18;Darek Osuch;;;;
1212 94 00;Korzenie cykorii, świeże, schłodzone, zamrożone lub suszone, nawet mielone;;;D;Dodany;2025-04-13 00:57:18;Darek Osuch;;;;
1212 99 41;Nasiona chleba świętojańskiego, świeże lub suszone, (z wył. łuszczonych, kruszonych lub mielonych);;;D;Dodany;2025-04-13 00:57:18;Darek Osuch;;;;
1212 99 49;Nasiona chleba świętojańskiego, świeże lub suszone, łuszczone, kruszone lub mielone;;;D;Dodany;2025-04-13 00:57:18;Darek Osuch;;;;
1212 99 95;Pestki i jądra owoców oraz pozostałe produkty roślinne,  w rodzaju stosowanych głównie do spożycia przez ludzi, gdzie indziej niesklasyfikowane;;;D;Dodany;2025-04-13 00:57:18;Darek Osuch;;;;
1213 00 00;Słoma i plewy zbóż, niepreparowane, nawet siekane, mielone, prasowane lub w formie granulek;;;D;Dodany;2025-04-13 00:57:18;Darek Osuch;;;;
1214 90 10;Buraki pastewne, brukiew i pozostałe korzenie pastewne;;;D;Dodany;2025-04-13 00:57:18;Darek Osuch;;;;
1214 90 90;Siano, lucerna, koniczyna, esparceta, kapusta pastewna, łubin, wyka i podobne produkty pastewne (z wył. buraków pastewnych, brukwi i pozostałych korzeni pastewnych, mączek i granulek z lucerny);;;D;Dodany;2025-04-13 00:57:18;Darek Osuch;;;;
1401 10 00;Bambusy;;;D;Dodany;2025-04-13 00:57:18;Darek Osuch;;;;
1401 20 00;Trzcinopalmy rotang (rattan);;;D;Dodany;2025-04-13 00:57:18;Darek Osuch;;;;
1401 90 00;Trzciny, sitowie, łoziny, rafia, słoma zbożowa czyszczona, bielona lub barwiona i łyko lipowe oraz pozostałe materiały roślinne, w rodzaju stosowanych głównie do wyplatania (z wył. bambusa i rattanu);;;D;Dodany;2025-04-13 00:57:18;Darek Osuch;;;;
1404 90 00;Produkty pochodzenia roślinnego, gdzie indziej niewymienione ani niewłączone;;;D;Dodany;2025-04-13 00:57:18;Darek Osuch;;;;
1801 00 00;Ziarna kakao, całe lub łamane, surowe lub palone;;;D;Dodany;2025-04-13 00:57:18;Darek Osuch;;;;
2401 10 35;Tytoń suszony powietrzem na jasny, nieodżyłowany;;;D;Dodany;2025-04-13 00:57:18;Darek Osuch;;;;
2401 10 60;Tytoń typu Oriental suszony na słońcu, nieodżyłowany;;;D;Dodany;2025-04-13 00:57:18;Darek Osuch;;;;
2401 10 70;Tytoń suszony powietrzem na ciemny, nieodżyłowany;;;D;Dodany;2025-04-13 00:57:18;Darek Osuch;;;;
2401 10 85;Tytoń suszony ogniowo-rurowo, nieodżyłowany;;;D;Dodany;2025-04-13 00:57:18;Darek Osuch;;;;
2401 10 95;Tytoń nieodżyłowany (z wył suszonego powietrzem na jasny, typu Oriental suszonego na słońcu, suszonego powietrzem na ciemny, suszonego ogniowo-rurowo);;;D;Dodany;2025-04-13 00:57:18;Darek Osuch;;;;
4001 10 00;Naturalny lateks kauczukowy, nawet wstępnie wulkanizowany;;;D;Dodany;2025-04-13 00:57:18;Darek Osuch;;;;
4001 21 00;Arkusze wędzone z kauczuku naturalnego;;;D;Dodany;2025-04-13 00:57:18;Darek Osuch;;;;
4001 22 00;Kauczuk naturalny technicznie określony (TSNR);;;D;Dodany;2025-04-13 00:57:18;Darek Osuch;;;;
4001 29 00;Kauczuk naturalny w formach podstawowych lub w płytach, arkuszach lub taśmach (z wył. arkuszów wędzonych, kauczuku naturalnego technicznie określonego (TSNR) i naturalnego lateksu kauczukowego, nawet wstępnie wulkanizowanego);;;D;Dodany;2025-04-13 00:57:18;Darek Osuch;;;;
5201 00 10;Bawełna, niezgrzeblona ani nieczesana, higroskopijna lub bielona;;;D;Dodany;2025-04-13 00:57:18;Darek Osuch;;;;
5201 00 90;Bawełna, niezgrzeblona ani nieczesana (z wył. higroskopijnej lub bielonej);;;D;Dodany;2025-04-13 00:57:18;Darek Osuch;;;;
5301 10 00;Len surowy lub roszony;;;D;Dodany;2025-04-13 00:57:18;Darek Osuch;;;;
5302 10 00;Konopie siewne (Cannabis sativa L.), surowe lub roszone;;;D;Dodany;2025-04-13 00:57:18;Darek Osuch;;;;
5303 10 00;Juta i pozostałe włókna tekstylne łykowe, surowe lub roszone (z wył. lnu, konopi siewnych i ramii);;;D;Dodany;2025-04-13 00:57:18;Darek Osuch;;;;
5305 00 00;"Włókno kokosowe, manila (konopie manilskie lub Musa textilis Nee), ramia i pozostałe włókna tekstylne roślinne, gdzie indziej niesklasyfikowane, surowe lub przerobione, ale nieprzędzione; pakuły, wyczeski i odpady tych włókien, włącznie z odpadami przędzy i szarpanką rozwłóknioną";;;D;Dodany;2025-04-13 00:57:18;Darek Osuch;;;;
