IdProdukt_RodzajProdukt;IdCN;NazwaProdukt_RodzajProdukt_CN;IdStatus;Status;DataDodania;DodanyPrzez;DataModyfikacji;ZmodyfikowanyPrzez;DataUsuniecia;UsunietyPrzez
01.11.11_;0601 10 20;Pszenica durum ;D;Dodany;2025-04-08 00:11:50;Darek Osuch;;;;
01.11.11.0_111;1001 11 00;Pszenica durum na nasiona/sadzonki;D;Dodany;2025-04-08 00:11:50;Darek Osuch;;;;
01.11.11.0_111;1001 19 00;Pszenica durum na ziarno;D;Dodany;2025-04-08 00:11:50;Darek Osuch;;;;
01.11.12.0_111;1001 91 10;Pozostała pszenica na nasiona/sadzonki;D;Dodany;2025-04-08 00:11:50;Darek Osuch;;;;
01.11.12.0_111;1001 91 20;Pozostała pszenica na nasiona/sadzonki;D;Dodany;2025-04-08 00:11:50;Darek Osuch;;;;
01.11.12.0_111;1001 91 90;Pozostała pszenica na nasiona/sadzonki;D;Dodany;2025-04-08 00:11:50;Darek Osuch;;;;
01.11.12.0_111;1001 99 00;Pozostała pszenica na ziarno;D;Dodany;2025-04-08 00:11:50;Darek Osuch;;;;
01.11.20.0_111;1005 10 13;Kukurydza (z wyłączeniem kukurydzy cukrowej i pastewnej) na nasiona/sadzonki;D;Dodany;2025-04-08 00:11:50;Darek Osuch;;;;
01.11.20.0_111;1005 10 15;Kukurydza (z wyłączeniem kukurydzy cukrowej i pastewnej) na nasiona/sadzonki;D;Dodany;2025-04-08 00:11:50;Darek Osuch;;;;
01.11.20.0_111;1005 10 18;Kukurydza (z wyłączeniem kukurydzy cukrowej i pastewnej) na nasiona/sadzonki;D;Dodany;2025-04-08 00:11:50;Darek Osuch;;;;
01.11.20.0_111;1005 10 90;Kukurydza (z wyłączeniem kukurydzy cukrowej i pastewnej) na nasiona/sadzonki;D;Dodany;2025-04-08 00:11:50;Darek Osuch;;;;
01.11.20.0_111;1005 90 00;Kukurydza (z wyłączeniem kukurydzy cukrowej i pastewnej) na ziarno;D;Dodany;2025-04-08 00:11:50;Darek Osuch;;;;
01.11.31.0_111;1003 10 00;Jęczmień na nasiona/sadzonki;D;Dodany;2025-04-08 00:11:50;Darek Osuch;;;;
01.11.31.0_111;1003 90 00;Jęczmień na ziarno;D;Dodany;2025-04-08 00:11:50;Darek Osuch;;;;
01.11.32.0_111;1002 10 00;Żyto na nasiona/sadzonki;D;Dodany;2025-04-08 00:11:50;Darek Osuch;;;;
01.11.32.0_111;1002 90 00;Żyto na ziarno;D;Dodany;2025-04-08 00:11:50;Darek Osuch;;;;
01.11.33.0_111;1004 10 00;Owies na nasiona/sadzonki;D;Dodany;2025-04-08 00:11:50;Darek Osuch;;;;
01.11.33.0_111;1004 90 00;Owies na ziarno;D;Dodany;2025-04-08 00:11:50;Darek Osuch;;;;
01.11.41.0_111;1007 10 10;Sorgo na nasiona/sadzonki;D;Dodany;2025-04-08 00:11:50;Darek Osuch;;;;
01.11.41.0_111;1007 10 90;Sorgo na nasiona/sadzonki;D;Dodany;2025-04-08 00:11:50;Darek Osuch;;;;
01.11.41.0_111;1007 90 00;Sorgo na ziarno;D;Dodany;2025-04-08 00:11:50;Darek Osuch;;;;
01.11.42.0_111;1008 21 00;Proso na nasiona/sadzonki;D;Dodany;2025-04-08 00:11:50;Darek Osuch;;;;
01.11.42.0_111;1008 29 00;Proso na nasiona/sadzonki;D;Dodany;2025-04-08 00:11:50;Darek Osuch;;;;
01.11.43.0_111;1008 60 00;Pszenżyto na ziarno;D;Dodany;2025-04-08 00:11:50;Darek Osuch;;;;
01.11.49.0_111;1008 10 00;Pozostałe zboża na ziarno;D;Dodany;2025-04-08 00:11:50;Darek Osuch;;;;
01.11.49.0_111;1008 30 00;Pozostałe zboża na ziarno;D;Dodany;2025-04-08 00:11:50;Darek Osuch;;;;
01.11.49.0_111;1008 40 00;Pozostałe zboża na ziarno;D;Dodany;2025-04-08 00:11:50;Darek Osuch;;;;
01.11.49.0_111;1008 50 00;Pozostałe zboża na ziarno;D;Dodany;2025-04-08 00:11:50;Darek Osuch;;;;
01.11.49.0_111;1008 90 00;Pozostałe zboża na ziarno;D;Dodany;2025-04-08 00:11:50;Darek Osuch;;;;
01.11.50.0_;1213 00 00*;Słoma i plewy zbóż ;D;Dodany;2025-04-08 00:11:50;Darek Osuch;;;;
01.11.61.0_;0708 20 00*;Fasola ;D;Dodany;2025-04-08 00:11:50;Darek Osuch;;;;
01.11.62.0_;0708 10 00*;Groch ;D;Dodany;2025-04-08 00:11:50;Darek Osuch;;;;
01.11.69.0_;0708 90 00*;Pozostałe warzywa strączkowe, świeże lub schłodzone ;D;Dodany;2025-04-08 00:11:50;Darek Osuch;;;;
01.11.71.0_;0713 31 00;Fasola, suszona ;D;Dodany;2025-04-08 00:11:50;Darek Osuch;;;;
01.11.71.0_;0713 32 00;Fasola, suszona ;D;Dodany;2025-04-08 00:11:50;Darek Osuch;;;;
01.11.71.0_;0713 33 10;Fasola, suszona ;D;Dodany;2025-04-08 00:11:50;Darek Osuch;;;;
01.11.71.0_;0713 33 90;Fasola, suszona ;D;Dodany;2025-04-08 00:11:50;Darek Osuch;;;;
01.11.71.0_;0713 34 00;Fasola, suszona ;D;Dodany;2025-04-08 00:11:50;Darek Osuch;;;;
01.11.71.0_;0713 39 00;Fasola, suszona ;D;Dodany;2025-04-08 00:11:50;Darek Osuch;;;;
01.11.72.0_;0713 50 00;Bób i bobik, suszone ;D;Dodany;2025-04-08 00:11:50;Darek Osuch;;;;
01.11.73.0_;0713 20 00;Ciecierzyca (cieciorka), suszona ;D;Dodany;2025-04-08 00:11:50;Darek Osuch;;;;
01.11.74.0_;0713 40 00;Soczewica, suszona ;D;Dodany;2025-04-08 00:11:50;Darek Osuch;;;;
01.11.75.0_;0713 10 10;Groch, suszony ;D;Dodany;2025-04-08 00:11:50;Darek Osuch;;;;
01.11.75.0_;0713 10 90;Groch, suszony ;D;Dodany;2025-04-08 00:11:50;Darek Osuch;;;;
01.11.76.0_;0713 35 00;Fasolnik chiński, suszony ;D;Dodany;2025-04-08 00:11:50;Darek Osuch;;;;
01.11.77.0_;0713 60 00;Nikla indyjska, suszona ;D;Dodany;2025-04-08 00:11:50;Darek Osuch;;;;
01.11.79.0_;0713 90 00;Warzywa strączkowe suszone, gdzie indziej niesklasyfikowane ;D;Dodany;2025-04-08 00:11:50;Darek Osuch;;;;
01.11.81.0_111;1201 10 00;Nasiona soi na nasiona/sadzonki;D;Dodany;2025-04-08 00:11:50;Darek Osuch;;;;
01.11.81.0_;1201 90 00;Nasiona soi ;D;Dodany;2025-04-08 00:11:50;Darek Osuch;;;;
01.11.82.0_111;1202 30 00;Orzeszki ziemne w łupinach na nasiona/sadzonki;D;Dodany;2025-04-08 00:11:50;Darek Osuch;;;;
01.11.82.0_;1202 41 00;Orzeszki ziemne w łupinach ;D;Dodany;2025-04-08 00:11:50;Darek Osuch;;;;
01.11.91.0_111;1204 00 10;Nasiona lnu na nasiona/sadzonki;D;Dodany;2025-04-08 00:11:50;Darek Osuch;;;;
01.11.91.0_111;1204 00 90;Nasiona lnu na nasiona/sadzonki;D;Dodany;2025-04-08 00:11:50;Darek Osuch;;;;
01.11.92.0_111;1207 50 10;Nasiona gorczycy na nasiona/sadzonki;D;Dodany;2025-04-08 00:11:50;Darek Osuch;;;;
01.11.92.0_111;1207 50 90;Nasiona gorczycy na nasiona/sadzonki;D;Dodany;2025-04-08 00:11:50;Darek Osuch;;;;
01.11.93.0_111;1205 10 10;Nasiona rzepaku i rzepiku na nasiona/sadzonki;D;Dodany;2025-04-08 00:11:50;Darek Osuch;;;;
01.11.93.0_111;1205 10 90;Nasiona rzepaku i rzepiku na nasiona/sadzonki;D;Dodany;2025-04-08 00:11:50;Darek Osuch;;;;
01.11.93.0_111;1205 90 00;Nasiona rzepaku i rzepiku na nasiona/sadzonki;D;Dodany;2025-04-08 00:11:50;Darek Osuch;;;;
01.11.94.0_111;1207 40 10;Nasiona sezamu na nasiona/sadzonki;D;Dodany;2025-04-08 00:11:50;Darek Osuch;;;;
01.11.94.0_111;1207 40 90;Nasiona sezamu na nasiona/sadzonki;D;Dodany;2025-04-08 00:11:50;Darek Osuch;;;;
01.11.95.0_111;1206 00 10;Nasiona słonecznika na nasiona/sadzonki;D;Dodany;2025-04-08 00:11:50;Darek Osuch;;;;
01.11.95.0_111;1206 00 91*;Nasiona słonecznika na nasiona/sadzonki;D;Dodany;2025-04-08 00:11:50;Darek Osuch;;;;
01.11.95.0_111;1206 00 99;Nasiona słonecznika na nasiona/sadzonki;D;Dodany;2025-04-08 00:11:50;Darek Osuch;;;;
01.11.96.0_111;1207 30 00;Nasiona rącznika na nasiona/sadzonki;D;Dodany;2025-04-08 00:11:50;Darek Osuch;;;;
01.11.99.0_;1207 10 00;Pozostałe nasiona oleiste, gdzie indziej niesklasyfikowane ;D;Dodany;2025-04-08 00:11:50;Darek Osuch;;;;
01.11.99.0_111;1207 60 00;Pozostałe nasiona oleiste, gdzie indziej niesklasyfikowane na nasiona/sadzonki;D;Dodany;2025-04-08 00:11:50;Darek Osuch;;;;
01.11.99.0_111;1207 70 00;Pozostałe nasiona oleiste, gdzie indziej niesklasyfikowane na nasiona/sadzonki;D;Dodany;2025-04-08 00:11:50;Darek Osuch;;;;
01.11.99.0_111;1207 91 10;Pozostałe nasiona oleiste, gdzie indziej niesklasyfikowane na nasiona/sadzonki;D;Dodany;2025-04-08 00:11:50;Darek Osuch;;;;
01.11.99.0_111;1207 91 90;Pozostałe nasiona oleiste, gdzie indziej niesklasyfikowane na nasiona/sadzonki;D;Dodany;2025-04-08 00:11:50;Darek Osuch;;;;
01.11.99.0_111;1207 99 20;Pozostałe nasiona oleiste, gdzie indziej niesklasyfikowane na nasiona/sadzonki;D;Dodany;2025-04-08 00:11:50;Darek Osuch;;;;
01.11.99.0_;1207 99 91;Pozostałe nasiona oleiste, gdzie indziej niesklasyfikowane ;D;Dodany;2025-04-08 00:11:50;Darek Osuch;;;;
01.11.99.0_;1207 99 96*;Pozostałe nasiona oleiste, gdzie indziej niesklasyfikowane ;D;Dodany;2025-04-08 00:11:50;Darek Osuch;;;;
01.12.10.0_;1006 10 10;RYŻ NIEŁUSKANY ;D;Dodany;2025-04-08 00:11:50;Darek Osuch;;;;
01.12.10.0_;1006 10 30;RYŻ NIEŁUSKANY ;D;Dodany;2025-04-08 00:11:50;Darek Osuch;;;;
01.12.10.0_;1006 10 50;RYŻ NIEŁUSKANY ;D;Dodany;2025-04-08 00:11:50;Darek Osuch;;;;
01.12.10.0_;1006 10 71;RYŻ NIEŁUSKANY ;D;Dodany;2025-04-08 00:11:50;Darek Osuch;;;;
01.12.10.0_;1006 10 79;RYŻ NIEŁUSKANY ;D;Dodany;2025-04-08 00:11:50;Darek Osuch;;;;
01.12.10.0_;1006 10 90;RYŻ NIEŁUSKANY ;D;Dodany;2025-04-08 00:11:50;Darek Osuch;;;;
01.13.11.0_;0709 20 00;Szparagi ;D;Dodany;2025-04-08 00:11:50;Darek Osuch;;;;
01.13.12.0_;0704 20 00*;Kapusta ;D;Dodany;2025-04-08 00:11:50;Darek Osuch;;;;
01.13.12.0_;0704 90 10*;Kapusta ;D;Dodany;2025-04-08 00:11:50;Darek Osuch;;;;
01.13.12.0_;0704 90 90*;Kapusta ;D;Dodany;2025-04-08 00:11:50;Darek Osuch;;;;
01.13.13.0_;0704 10 10;Kalafiory i brokuły ;D;Dodany;2025-04-08 00:11:50;Darek Osuch;;;;
01.13.13.0_;0704 10 90;Kalafiory i brokuły ;D;Dodany;2025-04-08 00:11:50;Darek Osuch;;;;
01.13.14.0_;0705 11 00*;Sałata ;D;Dodany;2025-04-08 00:11:50;Darek Osuch;;;;
01.13.14.0_;0705 19 00*;Sałata ;D;Dodany;2025-04-08 00:11:50;Darek Osuch;;;;
01.13.15.0_;0705 21 00*;Cykoria ;D;Dodany;2025-04-08 00:11:50;Darek Osuch;;;;
01.13.15.0_;0705 29 00*;Cykoria ;D;Dodany;2025-04-08 00:11:50;Darek Osuch;;;;
01.13.16.0_;0709 70 00*;Szpinak ;D;Dodany;2025-04-08 00:11:50;Darek Osuch;;;;
01.13.17.0_;0709 91 00*;Karczochy ;D;Dodany;2025-04-08 00:11:50;Darek Osuch;;;;
01.13.19.0_;0709 99 10*;Pozostałe warzywa liściowe i łodygowe ;D;Dodany;2025-04-08 00:11:50;Darek Osuch;;;;
01.13.19.0_;0709 99 20*;Pozostałe warzywa liściowe i łodygowe ;D;Dodany;2025-04-08 00:11:50;Darek Osuch;;;;
01.13.19.0_;0709 99 50*;Pozostałe warzywa liściowe i łodygowe ;D;Dodany;2025-04-08 00:11:50;Darek Osuch;;;;
01.13.19.0_;0709 99 90*;Pozostałe warzywa liściowe i łodygowe ;D;Dodany;2025-04-08 00:11:50;Darek Osuch;;;;
01.13.21.0_;0807 11 00*;Arbuzy ;D;Dodany;2025-04-08 00:11:50;Darek Osuch;;;;
01.13.29.0_;0807 19 00*;Melony ;D;Dodany;2025-04-08 00:11:50;Darek Osuch;;;;
01.13.31.0_;0709 60 10*;Papryka i inne warzywa owocowe (wyłącznie z rodzaju Capsicum) ;D;Dodany;2025-04-08 00:11:50;Darek Osuch;;;;
01.13.31.0_;0709 60 91;Papryka i inne warzywa owocowe (wyłącznie z rodzaju Capsicum) ;D;Dodany;2025-04-08 00:11:50;Darek Osuch;;;;
01.13.31.0_;0709 60 95*;Papryka i inne warzywa owocowe (wyłącznie z rodzaju Capsicum) ;D;Dodany;2025-04-08 00:11:50;Darek Osuch;;;;
01.13.31.0_;0709 60 99*;Papryka i inne warzywa owocowe (wyłącznie z rodzaju Capsicum) ;D;Dodany;2025-04-08 00:11:50;Darek Osuch;;;;
01.13.32.0_;0707 00 05*;Ogórki i korniszony ;D;Dodany;2025-04-08 00:11:50;Darek Osuch;;;;
01.13.32.0_;0707 00 90*;Ogórki i korniszony ;D;Dodany;2025-04-08 00:11:50;Darek Osuch;;;;
01.13.33.0_;0709 30 00*;Bakłażany (oberżyny) ;D;Dodany;2025-04-08 00:11:50;Darek Osuch;;;;
01.13.34.0_;0702 00 00*;Pomidory ;D;Dodany;2025-04-08 00:11:50;Darek Osuch;;;;
01.13.39.0_;0709 60 95*;Pozostałe, świeże lub schłodzone warzywa owocowe, gdzie indziej niesklasyfikowane ;D;Dodany;2025-04-08 00:11:50;Darek Osuch;;;;
01.13.39.0_;0709 60 99*;Pozostałe, świeże lub schłodzone warzywa owocowe, gdzie indziej niesklasyfikowane ;D;Dodany;2025-04-08 00:11:50;Darek Osuch;;;;
01.13.39.0_;0709 93 10*;Pozostałe, świeże lub schłodzone warzywa owocowe, gdzie indziej niesklasyfikowane ;D;Dodany;2025-04-08 00:11:50;Darek Osuch;;;;
01.13.39.0_;0709 93 90*;Pozostałe, świeże lub schłodzone warzywa owocowe, gdzie indziej niesklasyfikowane ;D;Dodany;2025-04-08 00:11:50;Darek Osuch;;;;
01.13.39.0_;0709 99 40;Pozostałe, świeże lub schłodzone warzywa owocowe, gdzie indziej niesklasyfikowane ;D;Dodany;2025-04-08 00:11:50;Darek Osuch;;;;
01.13.39.0_;0709 99 60*;Pozostałe, świeże lub schłodzone warzywa owocowe, gdzie indziej niesklasyfikowane ;D;Dodany;2025-04-08 00:11:50;Darek Osuch;;;;
01.13.39.0_;0709 99 90*;Pozostałe, świeże lub schłodzone warzywa owocowe, gdzie indziej niesklasyfikowane ;D;Dodany;2025-04-08 00:11:50;Darek Osuch;;;;
01.13.41.0_;0706 10 00*;Marchew i rzepa ;D;Dodany;2025-04-08 00:11:50;Darek Osuch;;;;
01.13.42.0_;0703 20 00*;Czosnek ;D;Dodany;2025-04-08 00:11:50;Darek Osuch;;;;
01.13.43.0_;0703 10 11;Cebula ;D;Dodany;2025-04-08 00:11:50;Darek Osuch;;;;
01.13.43.0_;0703 10 19*;Cebula ;D;Dodany;2025-04-08 00:11:50;Darek Osuch;;;;
01.13.43.0_;0703 10 90*;Cebula ;D;Dodany;2025-04-08 00:11:50;Darek Osuch;;;;
01.13.44.0_;0703 90 00*;Pory i pozostałe warzywa z rodziny czosnkowatych ;D;Dodany;2025-04-08 00:11:50;Darek Osuch;;;;
01.13.49.0_;0706 90 10*;Pozostałe, świeże lub schłodzone warzywa korzeniowe, cebulowe i bulwiaste, z wyłączeniem warzyw o dużej zawartości skrobi i inuliny ;D;Dodany;2025-04-08 00:11:50;Darek Osuch;;;;
01.13.49.0_;0706 90 30*;Pozostałe, świeże lub schłodzone warzywa korzeniowe, cebulowe i bulwiaste, z wyłączeniem warzyw o dużej zawartości skrobi i inuliny ;D;Dodany;2025-04-08 00:11:50;Darek Osuch;;;;
01.13.49.0_;0706 90 90*;Pozostałe, świeże lub schłodzone warzywa korzeniowe, cebulowe i bulwiaste, z wyłączeniem warzyw o dużej zawartości skrobi i inuliny ;D;Dodany;2025-04-08 00:11:50;Darek Osuch;;;;
01.13.51.0_;0701 10 00;Ziemniaki ;D;Dodany;2025-04-08 00:11:50;Darek Osuch;;;;
01.13.51.0_;0701 90 10;Ziemniaki ;D;Dodany;2025-04-08 00:11:50;Darek Osuch;;;;
01.13.51.0_;0701 90 50*;Ziemniaki ;D;Dodany;2025-04-08 00:11:50;Darek Osuch;;;;
01.13.51.0_;0701 90 90*;Ziemniaki ;D;Dodany;2025-04-08 00:11:50;Darek Osuch;;;;
01.13.52.0_;0714 20 10;Ziemniaki słodkie (bataty, pataty) ;D;Dodany;2025-04-08 00:11:50;Darek Osuch;;;;
01.13.52.0_;0714 20 90;Ziemniaki słodkie (bataty, pataty) ;D;Dodany;2025-04-08 00:11:50;Darek Osuch;;;;
01.13.53.0_;0714 10 00;Maniok (cassava) ;D;Dodany;2025-04-08 00:11:50;Darek Osuch;;;;
01.13.54.0_;0714 40 00;Kolokazja jadalna (taro) ;D;Dodany;2025-04-08 00:11:50;Darek Osuch;;;;
01.13.59.0_;0714 30 00;Pozostałe jadalne korzenie i bulwy o dużej zawartości skrobi i inuliny ;D;Dodany;2025-04-08 00:11:50;Darek Osuch;;;;
01.13.59.0_;0714 50 00;Pozostałe jadalne korzenie i bulwy o dużej zawartości skrobi i inuliny ;D;Dodany;2025-04-08 00:11:50;Darek Osuch;;;;
01.13.59.0_;0714 90 20;Pozostałe jadalne korzenie i bulwy o dużej zawartości skrobi i inuliny ;D;Dodany;2025-04-08 00:11:50;Darek Osuch;;;;
01.13.59.0_;0714 90 90;Pozostałe jadalne korzenie i bulwy o dużej zawartości skrobi i inuliny ;D;Dodany;2025-04-08 00:11:50;Darek Osuch;;;;
01.13.60.0_111;1209 91 30;Nasiona warzyw, z wyłączeniem nasion buraków cukrowych na nasiona/sadzonki;D;Dodany;2025-04-08 00:11:50;Darek Osuch;;;;
01.13.60.0_;1209 91 80;Nasiona warzyw, z wyłączeniem nasion buraków cukrowych ;D;Dodany;2025-04-08 00:11:50;Darek Osuch;;;;
01.13.71.0_;1212 91 20;Buraki cukrowe ;D;Dodany;2025-04-08 00:11:50;Darek Osuch;;;;
01.13.71.0_;1212 91 80;Buraki cukrowe ;D;Dodany;2025-04-08 00:11:50;Darek Osuch;;;;
01.13.72.0_111;1209 10 00;Nasiona buraków cukrowych na nasiona/sadzonki;D;Dodany;2025-04-08 00:11:50;Darek Osuch;;;;
01.13.80.0_111;0709 51 00*;GRZYBY I TRUFLE na nasiona/sadzonki;D;Dodany;2025-04-08 00:11:50;Darek Osuch;;;;
01.13.80.0_;0709 52 00;GRZYBY I TRUFLE ;D;Dodany;2025-04-08 00:11:50;Darek Osuch;;;;
01.13.80.0_;0709 53 00;GRZYBY I TRUFLE ;D;Dodany;2025-04-08 00:11:50;Darek Osuch;;;;
01.13.80.0_;0709 54 00;GRZYBY I TRUFLE ;D;Dodany;2025-04-08 00:11:50;Darek Osuch;;;;
01.13.80.0_;0709 55 00;GRZYBY I TRUFLE ;D;Dodany;2025-04-08 00:11:50;Darek Osuch;;;;
01.13.80.0_;0709 56 00;GRZYBY I TRUFLE ;D;Dodany;2025-04-08 00:11:50;Darek Osuch;;;;
01.13.80.0_;0709 59 00;GRZYBY I TRUFLE ;D;Dodany;2025-04-08 00:11:50;Darek Osuch;;;;
01.13.90.0_;0708 20 00*;WARZYWA ŚWIEŻE, GDZIE INDZIEJ NIESKLASYFIKOWANE ;D;Dodany;2025-04-08 00:11:50;Darek Osuch;;;;
01.13.90.0_;0709 40 00*;WARZYWA ŚWIEŻE, GDZIE INDZIEJ NIESKLASYFIKOWANE ;D;Dodany;2025-04-08 00:11:50;Darek Osuch;;;;
01.13.90.0_;0709 99 90*;WARZYWA ŚWIEŻE, GDZIE INDZIEJ NIESKLASYFIKOWANE ;D;Dodany;2025-04-08 00:11:50;Darek Osuch;;;;
01.13.90.0_;1214 90 90*;WARZYWA ŚWIEŻE, GDZIE INDZIEJ NIESKLASYFIKOWANE ;D;Dodany;2025-04-08 00:11:50;Darek Osuch;;;;
01.14.10.0_;1212 93 00;TRZCINA CUKROWA ;D;Dodany;2025-04-08 00:11:50;Darek Osuch;;;;
01.15.10.0_;2401 10 35;TYTOŃ NIEPRZETWORZONY ;D;Dodany;2025-04-08 00:11:50;Darek Osuch;;;;
01.15.10.0_;2401 10 60;TYTOŃ NIEPRZETWORZONY ;D;Dodany;2025-04-08 00:11:50;Darek Osuch;;;;
01.15.10.0_;2401 10 70;TYTOŃ NIEPRZETWORZONY ;D;Dodany;2025-04-08 00:11:50;Darek Osuch;;;;
01.15.10.0_;2401 10 85;TYTOŃ NIEPRZETWORZONY ;D;Dodany;2025-04-08 00:11:50;Darek Osuch;;;;
01.15.10.0_;2401 10 95;TYTOŃ NIEPRZETWORZONY ;D;Dodany;2025-04-08 00:11:50;Darek Osuch;;;;
01.16.11.0_111;1207 21 00;Bawełna niezgrzeblona i nieczesana na nasiona/sadzonki;D;Dodany;2025-04-08 00:11:50;Darek Osuch;;;;
01.16.11.0_;1207 29 00;Bawełna niezgrzeblona i nieczesana ;D;Dodany;2025-04-08 00:11:50;Darek Osuch;;;;
01.16.11.0_;5201 00 10;Bawełna niezgrzeblona i nieczesana ;D;Dodany;2025-04-08 00:11:50;Darek Osuch;;;;
01.16.11.0_;5201 00 90;Bawełna niezgrzeblona i nieczesana ;D;Dodany;2025-04-08 00:11:50;Darek Osuch;;;;
01.16.12.0_;5303 10 00;Juta, kenaf i pozostałe włókna tekstylne łykowe, surowe lub roszone, z wyłączeniem lnu, konopi i ramii ;D;Dodany;2025-04-08 00:11:50;Darek Osuch;;;;
01.16.19.0_;5301 10 00;Len, konopie oraz pozostałe surowe rośliny włókniste, gdzie indziej niesklasyfikowane ;D;Dodany;2025-04-08 00:11:50;Darek Osuch;;;;
01.16.19.0_;5302 10 00;Len, konopie oraz pozostałe surowe rośliny włókniste, gdzie indziej niesklasyfikowane ;D;Dodany;2025-04-08 00:11:50;Darek Osuch;;;;
01.16.19.0_;5305 00 00*;Len, konopie oraz pozostałe surowe rośliny włókniste, gdzie indziej niesklasyfikowane ;D;Dodany;2025-04-08 00:11:50;Darek Osuch;;;;
01.19.10.0_;1214 90 10;ROŚLINY PASTEWNE ;D;Dodany;2025-04-08 00:11:50;Darek Osuch;;;;
01.19.10.0_;1214 90 90*;ROŚLINY PASTEWNE ;D;Dodany;2025-04-08 00:11:50;Darek Osuch;;;;
01.19.21.0_;0603 11 00;Kwiaty cięte i pąki kwiatowe ;D;Dodany;2025-04-08 00:11:50;Darek Osuch;;;;
01.19.21.0_;0603 12 00;Kwiaty cięte i pąki kwiatowe ;D;Dodany;2025-04-08 00:11:50;Darek Osuch;;;;
01.19.21.0_;0603 13 00;Kwiaty cięte i pąki kwiatowe ;D;Dodany;2025-04-08 00:11:50;Darek Osuch;;;;
01.19.21.0_;0603 14 00;Kwiaty cięte i pąki kwiatowe ;D;Dodany;2025-04-08 00:11:50;Darek Osuch;;;;
01.19.21.0_;0603 15 00;Kwiaty cięte i pąki kwiatowe ;D;Dodany;2025-04-08 00:11:50;Darek Osuch;;;;
01.19.21.0_;0603 19 10;Kwiaty cięte i pąki kwiatowe ;D;Dodany;2025-04-08 00:11:50;Darek Osuch;;;;
01.19.21.0_;0603 19 20;Kwiaty cięte i pąki kwiatowe ;D;Dodany;2025-04-08 00:11:50;Darek Osuch;;;;
01.19.21.0_;0603 19 70;Kwiaty cięte i pąki kwiatowe ;D;Dodany;2025-04-08 00:11:50;Darek Osuch;;;;
01.19.21.0_;0603 90 00;Kwiaty cięte i pąki kwiatowe ;D;Dodany;2025-04-08 00:11:50;Darek Osuch;;;;
01.19.22.0_111;1209 30 00;Nasiona kwiatów na nasiona/sadzonki;D;Dodany;2025-04-08 00:11:50;Darek Osuch;;;;
01.19.31.0_111;1209 21 00;Nasiona roślin pastewnych, włączając nasiona buraków pastewnych na nasiona/sadzonki;D;Dodany;2025-04-08 00:11:50;Darek Osuch;;;;
01.19.31.0_111;1209 22 10;Nasiona roślin pastewnych, włączając nasiona buraków pastewnych na nasiona/sadzonki;D;Dodany;2025-04-08 00:11:50;Darek Osuch;;;;
01.19.31.0_111;1209 22 80;Nasiona roślin pastewnych, włączając nasiona buraków pastewnych na nasiona/sadzonki;D;Dodany;2025-04-08 00:11:50;Darek Osuch;;;;
01.19.31.0_111;1209 23 11;Nasiona roślin pastewnych, włączając nasiona buraków pastewnych na nasiona/sadzonki;D;Dodany;2025-04-08 00:11:50;Darek Osuch;;;;
01.19.31.0_111;1209 23 15;Nasiona roślin pastewnych, włączając nasiona buraków pastewnych na nasiona/sadzonki;D;Dodany;2025-04-08 00:11:50;Darek Osuch;;;;
01.19.31.0_111;1209 23 80;Nasiona roślin pastewnych, włączając nasiona buraków pastewnych na nasiona/sadzonki;D;Dodany;2025-04-08 00:11:50;Darek Osuch;;;;
01.19.31.0_111;1209 24 00;Nasiona roślin pastewnych, włączając nasiona buraków pastewnych na nasiona/sadzonki;D;Dodany;2025-04-08 00:11:50;Darek Osuch;;;;
01.19.31.0_;1209 25 10;Nasiona roślin pastewnych, włączając nasiona buraków pastewnych ;D;Dodany;2025-04-08 00:11:50;Darek Osuch;;;;
01.19.31.0_;1209 25 90;Nasiona roślin pastewnych, włączając nasiona buraków pastewnych ;D;Dodany;2025-04-08 00:11:50;Darek Osuch;;;;
01.19.31.0_111;1209 29 45;Nasiona roślin pastewnych, włączając nasiona buraków pastewnych na nasiona/sadzonki;D;Dodany;2025-04-08 00:11:50;Darek Osuch;;;;
01.19.31.0_111;1209 29 50;Nasiona roślin pastewnych, włączając nasiona buraków pastewnych na nasiona/sadzonki;D;Dodany;2025-04-08 00:11:50;Darek Osuch;;;;
01.19.31.0_111;1209 29 60;Nasiona roślin pastewnych, włączając nasiona buraków pastewnych na nasiona/sadzonki;D;Dodany;2025-04-08 00:11:50;Darek Osuch;;;;
01.19.31.0_111;1209 29 80;Nasiona roślin pastewnych, włączając nasiona buraków pastewnych na nasiona/sadzonki;D;Dodany;2025-04-08 00:11:50;Darek Osuch;;;;
01.19.39.0_111;1212 99 95*;Pozostałe surowe produkty roślinne, gdzie indziej niesklasyfikowane na nasiona/sadzonki;D;Dodany;2025-04-08 00:11:50;Darek Osuch;;;;
01.21.11.0_;0806 10 10;Winogrona stołowe ;D;Dodany;2025-04-08 00:11:50;Darek Osuch;;;;
01.21.12.0_;0806 10 90;Pozostałe winogrona świeże ;D;Dodany;2025-04-08 00:11:50;Darek Osuch;;;;
01.22.11.0_;0804 40 00*;Awokado ;D;Dodany;2025-04-08 00:11:50;Darek Osuch;;;;
01.22.12.0_;0803 10 10*;Banany, plantany itp. ;D;Dodany;2025-04-08 00:11:50;Darek Osuch;;;;
01.22.12.0_;0803 90 11*;Banany, plantany itp. ;D;Dodany;2025-04-08 00:11:50;Darek Osuch;;;;
01.22.12.0_;0803 90 19*;Banany, plantany itp. ;D;Dodany;2025-04-08 00:11:50;Darek Osuch;;;;
01.22.13.0_;0804 10 00*;Daktyle ;D;Dodany;2025-04-08 00:11:50;Darek Osuch;;;;
01.22.14.0_;0804 20 10;Figi ;D;Dodany;2025-04-08 00:11:50;Darek Osuch;;;;
01.22.19.0_;0804 30 00*;Pozostałe świeże owoce tropikalne i podzwrotnikowe ;D;Dodany;2025-04-08 00:11:50;Darek Osuch;;;;
01.22.19.0_;0804 50 00*;Pozostałe świeże owoce tropikalne i podzwrotnikowe ;D;Dodany;2025-04-08 00:11:50;Darek Osuch;;;;
01.22.19.0_;0807 20 00*;Pozostałe świeże owoce tropikalne i podzwrotnikowe ;D;Dodany;2025-04-08 00:11:50;Darek Osuch;;;;
01.22.19.0_;0810 60 00*;Pozostałe świeże owoce tropikalne i podzwrotnikowe ;D;Dodany;2025-04-08 00:11:50;Darek Osuch;;;;
01.22.19.0_;0810 90 75*;Pozostałe świeże owoce tropikalne i podzwrotnikowe ;D;Dodany;2025-04-08 00:11:50;Darek Osuch;;;;
01.23.11.0_;0805 40 00*;Pomelo i grejpfruty ;D;Dodany;2025-04-08 00:11:50;Darek Osuch;;;;
01.23.12.0_;0805 50 10*;Cytryny i limonki ;D;Dodany;2025-04-08 00:11:50;Darek Osuch;;;;
01.23.12.0_;0805 50 90*;Cytryny i limonki ;D;Dodany;2025-04-08 00:11:50;Darek Osuch;;;;
01.23.13.0_;0805 10 22*;Pomarańcze ;D;Dodany;2025-04-08 00:11:50;Darek Osuch;;;;
01.23.13.0_;0805 10 24*;Pomarańcze ;D;Dodany;2025-04-08 00:11:50;Darek Osuch;;;;
01.23.13.0_;0805 10 28*;Pomarańcze ;D;Dodany;2025-04-08 00:11:50;Darek Osuch;;;;
01.23.13.0_;0805 10 80*;Pomarańcze ;D;Dodany;2025-04-08 00:11:50;Darek Osuch;;;;
01.23.14.0_;0805 21 10*;Mandarynki, klementynki i tangeryny ;D;Dodany;2025-04-08 00:11:50;Darek Osuch;;;;
01.23.14.0_;0805 21 90*;Mandarynki, klementynki i tangeryny ;D;Dodany;2025-04-08 00:11:50;Darek Osuch;;;;
01.23.14.0_;0805 22 00*;Mandarynki, klementynki i tangeryny ;D;Dodany;2025-04-08 00:11:50;Darek Osuch;;;;
01.23.14.0_;0805 29 00*;Mandarynki, klementynki i tangeryny ;D;Dodany;2025-04-08 00:11:50;Darek Osuch;;;;
01.23.19.0_;0805 90 00*;Pozostałe świeże owoce cytrusowe ;D;Dodany;2025-04-08 00:11:50;Darek Osuch;;;;
01.24.10.0_;0808 10 10;JABŁKA ;D;Dodany;2025-04-08 00:11:50;Darek Osuch;;;;
01.24.10.0_;0808 10 80*;JABŁKA ;D;Dodany;2025-04-08 00:11:50;Darek Osuch;;;;
01.24.21.0_;0808 30 10;Gruszki ;D;Dodany;2025-04-08 00:11:50;Darek Osuch;;;;
01.24.21.0_;0808 30 90*;Gruszki ;D;Dodany;2025-04-08 00:11:50;Darek Osuch;;;;
01.24.22.0_;0808 40 00*;Pigwy ;D;Dodany;2025-04-08 00:11:50;Darek Osuch;;;;
01.24.23.0_;0809 10 00*;Morele ;D;Dodany;2025-04-08 00:11:50;Darek Osuch;;;;
01.24.24.0_;0809 21 00;Wiśnie i czereśnie ;D;Dodany;2025-04-08 00:11:50;Darek Osuch;;;;
01.24.24.0_;0809 29 00*;Wiśnie i czereśnie ;D;Dodany;2025-04-08 00:11:50;Darek Osuch;;;;
01.24.25.0_;0809 30 20*;Brzoskwinie ;D;Dodany;2025-04-08 00:11:50;Darek Osuch;;;;
01.24.25.0_;0809 30 80*;Brzoskwinie ;D;Dodany;2025-04-08 00:11:50;Darek Osuch;;;;
01.24.26.0_;0809 30 20*;Nektaryny ;D;Dodany;2025-04-08 00:11:50;Darek Osuch;;;;
01.24.26.0_;0809 30 30*;Nektaryny ;D;Dodany;2025-04-08 00:11:50;Darek Osuch;;;;
01.24.27.0_;0809 40 05*;Śliwki ;D;Dodany;2025-04-08 00:11:50;Darek Osuch;;;;
01.24.28.0_;0809 40 90*;Owoce tarniny ;D;Dodany;2025-04-08 00:11:50;Darek Osuch;;;;
01.24.29.0_;0810 90 20*;Pozostałe świeże owoce ziarnkowe i pestkowe, gdzie indziej niesklasyfikowane ;D;Dodany;2025-04-08 00:11:50;Darek Osuch;;;;
01.25.11.0_;0810 50 00*;Owoce kiwi ;D;Dodany;2025-04-08 00:11:50;Darek Osuch;;;;
01.25.12.0_;0810 20 10*;Maliny, jeżyny, morwy i owoce mieszańców malin z jeżynami ;D;Dodany;2025-04-08 00:11:50;Darek Osuch;;;;
01.25.12.0_;0810 20 90*;Maliny, jeżyny, morwy i owoce mieszańców malin z jeżynami ;D;Dodany;2025-04-08 00:11:50;Darek Osuch;;;;
01.25.13.0_;0810 10 00*;Truskawki i poziomki ;D;Dodany;2025-04-08 00:11:50;Darek Osuch;;;;
01.25.19.0_;0810 30 10*;Pozostałe owoce jagodowe (np. porzeczki, agrest) i z rodzaju Vaccinium (np. żurawina, borówki czarne), świeże, gdzie indziej niesklasyfikowane ;D;Dodany;2025-04-08 00:11:50;Darek Osuch;;;;
01.25.19.0_;0810 30 30*;Pozostałe owoce jagodowe (np. porzeczki, agrest) i z rodzaju Vaccinium (np. żurawina, borówki czarne), świeże, gdzie indziej niesklasyfikowane ;D;Dodany;2025-04-08 00:11:50;Darek Osuch;;;;
01.25.19.0_;0810 30 90*;Pozostałe owoce jagodowe (np. porzeczki, agrest) i z rodzaju Vaccinium (np. żurawina, borówki czarne), świeże, gdzie indziej niesklasyfikowane ;D;Dodany;2025-04-08 00:11:50;Darek Osuch;;;;
01.25.19.0_;0810 40 10*;Pozostałe owoce jagodowe (np. porzeczki, agrest) i z rodzaju Vaccinium (np. żurawina, borówki czarne), świeże, gdzie indziej niesklasyfikowane ;D;Dodany;2025-04-08 00:11:50;Darek Osuch;;;;
01.25.19.0_;0810 40 30*;Pozostałe owoce jagodowe (np. porzeczki, agrest) i z rodzaju Vaccinium (np. żurawina, borówki czarne), świeże, gdzie indziej niesklasyfikowane ;D;Dodany;2025-04-08 00:11:50;Darek Osuch;;;;
01.25.19.0_;0810 40 50*;Pozostałe owoce jagodowe (np. porzeczki, agrest) i z rodzaju Vaccinium (np. żurawina, borówki czarne), świeże, gdzie indziej niesklasyfikowane ;D;Dodany;2025-04-08 00:11:50;Darek Osuch;;;;
01.25.19.0_;0810 40 90*;Pozostałe owoce jagodowe (np. porzeczki, agrest) i z rodzaju Vaccinium (np. żurawina, borówki czarne), świeże, gdzie indziej niesklasyfikowane ;D;Dodany;2025-04-08 00:11:50;Darek Osuch;;;;
01.25.20.0_111;1209 99 91;NASIONA OWOCÓW na nasiona/sadzonki;D;Dodany;2025-04-08 00:11:50;Darek Osuch;;;;
01.25.20.0_111;1209 99 99;NASIONA OWOCÓW na nasiona/sadzonki;D;Dodany;2025-04-08 00:11:50;Darek Osuch;;;;
01.25.20.0_111;1212 99 49;NASIONA OWOCÓW na nasiona/sadzonki;D;Dodany;2025-04-08 00:11:50;Darek Osuch;;;;
01.25.31.0_;0802 11 10;Migdały ;D;Dodany;2025-04-08 00:11:50;Darek Osuch;;;;
01.25.31.0_;0802 11 90;Migdały ;D;Dodany;2025-04-08 00:11:50;Darek Osuch;;;;
01.25.32.0_;0802 41 00;Kasztany jadalne ;D;Dodany;2025-04-08 00:11:50;Darek Osuch;;;;
01.25.33.0_;0802 21 00;Orzechy laskowe ;D;Dodany;2025-04-08 00:11:50;Darek Osuch;;;;
01.25.34.0_;0802 51 00;Pistacje ;D;Dodany;2025-04-08 00:11:50;Darek Osuch;;;;
01.25.35.0_;0802 31 00;Orzechy włoskie ;D;Dodany;2025-04-08 00:11:50;Darek Osuch;;;;
01.25.39.0_;0801 21 00;Pozostałe orzechy w łupinach (z wyłączeniem jadalnych orzechów dziko rosnących, orzeszków ziemnych i orzechów kokosowych) ;D;Dodany;2025-04-08 00:11:50;Darek Osuch;;;;
01.25.39.0_;0801 31 00;Pozostałe orzechy w łupinach (z wyłączeniem jadalnych orzechów dziko rosnących, orzeszków ziemnych i orzechów kokosowych) ;D;Dodany;2025-04-08 00:11:50;Darek Osuch;;;;
01.25.39.0_;0802 61 00;Pozostałe orzechy w łupinach (z wyłączeniem jadalnych orzechów dziko rosnących, orzeszków ziemnych i orzechów kokosowych) ;D;Dodany;2025-04-08 00:11:50;Darek Osuch;;;;
01.25.39.0_;0802 70 00*;Pozostałe orzechy w łupinach (z wyłączeniem jadalnych orzechów dziko rosnących, orzeszków ziemnych i orzechów kokosowych) ;D;Dodany;2025-04-08 00:11:50;Darek Osuch;;;;
01.25.39.0_;0802 80 00*;Pozostałe orzechy w łupinach (z wyłączeniem jadalnych orzechów dziko rosnących, orzeszków ziemnych i orzechów kokosowych) ;D;Dodany;2025-04-08 00:11:50;Darek Osuch;;;;
01.25.39.0_;0802 91 00;Pozostałe orzechy w łupinach (z wyłączeniem jadalnych orzechów dziko rosnących, orzeszków ziemnych i orzechów kokosowych) ;D;Dodany;2025-04-08 00:11:50;Darek Osuch;;;;
01.25.39.0_;0802 99 10;Pozostałe orzechy w łupinach (z wyłączeniem jadalnych orzechów dziko rosnących, orzeszków ziemnych i orzechów kokosowych) ;D;Dodany;2025-04-08 00:11:50;Darek Osuch;;;;
01.25.39.0_;0802 99 90;Pozostałe orzechy w łupinach (z wyłączeniem jadalnych orzechów dziko rosnących, orzeszków ziemnych i orzechów kokosowych) ;D;Dodany;2025-04-08 00:11:50;Darek Osuch;;;;
01.25.90.0_;0810 70 00*;POZOSTAŁE OWOCE, GDZIE INDZIEJ NIESKLASYFIKOWANE ;D;Dodany;2025-04-08 00:11:50;Darek Osuch;;;;
01.25.90.0_;0810 90 75*;POZOSTAŁE OWOCE, GDZIE INDZIEJ NIESKLASYFIKOWANE ;D;Dodany;2025-04-08 00:11:50;Darek Osuch;;;;
01.25.90.0_;1212 92 00;POZOSTAŁE OWOCE, GDZIE INDZIEJ NIESKLASYFIKOWANE ;D;Dodany;2025-04-08 00:11:50;Darek Osuch;;;;
01.25.90.0_111;1212 99 41;POZOSTAŁE OWOCE, GDZIE INDZIEJ NIESKLASYFIKOWANE na nasiona/sadzonki;D;Dodany;2025-04-08 00:11:50;Darek Osuch;;;;
01.26.11.0_111;0709 92 10*;Oliwki stołowe na nasiona/sadzonki;D;Dodany;2025-04-08 00:11:50;Darek Osuch;;;;
01.26.12.0_;0709 92 90;Oliwki do produkcji oliwy ;D;Dodany;2025-04-08 00:11:50;Darek Osuch;;;;
01.26.20.0_;0801 11 00;ORZECHY KOKOSOWE ;D;Dodany;2025-04-08 00:11:50;Darek Osuch;;;;
01.26.20.0_;0801 12 00;ORZECHY KOKOSOWE ;D;Dodany;2025-04-08 00:11:50;Darek Osuch;;;;
01.26.20.0_;0801 19 00;ORZECHY KOKOSOWE ;D;Dodany;2025-04-08 00:11:50;Darek Osuch;;;;
01.26.90.0_;1203 00 00;POZOSTAŁE OWOCE OLEISTE, GDZIE INDZIEJ NIESKLASYFIKOWANE ;D;Dodany;2025-04-08 00:11:50;Darek Osuch;;;;
01.26.90.0_;1207 99 96*;POZOSTAŁE OWOCE OLEISTE, GDZIE INDZIEJ NIESKLASYFIKOWANE ;D;Dodany;2025-04-08 00:11:50;Darek Osuch;;;;
01.27.11.0_;0901 11 00;Kawa niepalona ;D;Dodany;2025-04-08 00:11:50;Darek Osuch;;;;
01.27.12.0_;0902 20 00;Herbata ;D;Dodany;2025-04-08 00:11:50;Darek Osuch;;;;
01.27.12.0_;0902 40 00;Herbata ;D;Dodany;2025-04-08 00:11:50;Darek Osuch;;;;
01.27.13.0_;0903 00 00;Maté (herbata paragwajska) ;D;Dodany;2025-04-08 00:11:50;Darek Osuch;;;;
01.27.14.0_;1801 00 00;Ziarna kakao ;D;Dodany;2025-04-08 00:11:50;Darek Osuch;;;;
01.28.11.0_;0904 11 00;Pieprz surowy z rodzaju Piper ;D;Dodany;2025-04-08 00:11:50;Darek Osuch;;;;
01.28.12.0_;0904 21 10;Chili i słodka papryka (z rodzaju Capsicum), surowe, suszone ;D;Dodany;2025-04-08 00:11:50;Darek Osuch;;;;
01.28.12.0_;0904 21 90*;Chili i słodka papryka (z rodzaju Capsicum), surowe, suszone ;D;Dodany;2025-04-08 00:11:50;Darek Osuch;;;;
01.28.13.0_;0908 11 00;Gałka muszkatołowa, kwiat muszkatołowy i kardamon, surowe ;D;Dodany;2025-04-08 00:11:50;Darek Osuch;;;;
01.28.13.0_;0908 21 00;Gałka muszkatołowa, kwiat muszkatołowy i kardamon, surowe ;D;Dodany;2025-04-08 00:11:50;Darek Osuch;;;;
01.28.13.0_;0908 31 00;Gałka muszkatołowa, kwiat muszkatołowy i kardamon, surowe ;D;Dodany;2025-04-08 00:11:50;Darek Osuch;;;;
01.28.14.0_111;0909 21 00;Anyż, badian, kolendra, kmin, kminek, koper i jagody jałowca, surowe na nasiona/sadzonki;D;Dodany;2025-04-08 00:11:50;Darek Osuch;;;;
01.28.14.0_111;0909 31 00;Anyż, badian, kolendra, kmin, kminek, koper i jagody jałowca, surowe na nasiona/sadzonki;D;Dodany;2025-04-08 00:11:50;Darek Osuch;;;;
01.28.14.0_111;0909 61 00;Anyż, badian, kolendra, kmin, kminek, koper i jagody jałowca, surowe na nasiona/sadzonki;D;Dodany;2025-04-08 00:11:50;Darek Osuch;;;;
01.28.15.0_;0906 11 00;Cynamon surowy i kwiaty cynamonowca ;D;Dodany;2025-04-08 00:11:50;Darek Osuch;;;;
01.28.15.0_;0906 19 00;Cynamon surowy i kwiaty cynamonowca ;D;Dodany;2025-04-08 00:11:50;Darek Osuch;;;;
01.28.16.0_;0907 10 00;Goździki (całe owoce, kwiaty i szypułki) surowe ;D;Dodany;2025-04-08 00:11:50;Darek Osuch;;;;
01.28.17.0_;0910 11 00;Imbir surowy, suszony ;D;Dodany;2025-04-08 00:11:50;Darek Osuch;;;;
01.28.18.0_;0905 10 00;Wanilia surowa ;D;Dodany;2025-04-08 00:11:50;Darek Osuch;;;;
01.28.19.0_;0904 21 90*;Pozostałe nieprzetworzone rośliny przyprawowe i aromatyczne ;D;Dodany;2025-04-08 00:11:50;Darek Osuch;;;;
01.28.19.0_;0910 20 10;Pozostałe nieprzetworzone rośliny przyprawowe i aromatyczne ;D;Dodany;2025-04-08 00:11:50;Darek Osuch;;;;
01.28.19.0_;0910 30 00*;Pozostałe nieprzetworzone rośliny przyprawowe i aromatyczne ;D;Dodany;2025-04-08 00:11:50;Darek Osuch;;;;
01.28.19.0_;0910 91 05*;Pozostałe nieprzetworzone rośliny przyprawowe i aromatyczne ;D;Dodany;2025-04-08 00:11:50;Darek Osuch;;;;
01.28.19.0_;0910 91 10;Pozostałe nieprzetworzone rośliny przyprawowe i aromatyczne ;D;Dodany;2025-04-08 00:11:50;Darek Osuch;;;;
01.28.19.0_;0910 99 10*;Pozostałe nieprzetworzone rośliny przyprawowe i aromatyczne ;D;Dodany;2025-04-08 00:11:50;Darek Osuch;;;;
01.28.19.0_;0910 99 31*;Pozostałe nieprzetworzone rośliny przyprawowe i aromatyczne ;D;Dodany;2025-04-08 00:11:50;Darek Osuch;;;;
01.28.19.0_;0910 99 33*;Pozostałe nieprzetworzone rośliny przyprawowe i aromatyczne ;D;Dodany;2025-04-08 00:11:50;Darek Osuch;;;;
01.28.19.0_;0910 99 50*;Pozostałe nieprzetworzone rośliny przyprawowe i aromatyczne ;D;Dodany;2025-04-08 00:11:50;Darek Osuch;;;;
01.28.19.0_;0910 99 91*;Pozostałe nieprzetworzone rośliny przyprawowe i aromatyczne ;D;Dodany;2025-04-08 00:11:50;Darek Osuch;;;;
01.28.19.0_;1212 94 00*;Pozostałe nieprzetworzone rośliny przyprawowe i aromatyczne ;D;Dodany;2025-04-08 00:11:50;Darek Osuch;;;;
01.28.19.0_;1212 99 95*;Pozostałe nieprzetworzone rośliny przyprawowe i aromatyczne ;D;Dodany;2025-04-08 00:11:50;Darek Osuch;;;;
01.28.20.0_;1210 10 00;Szyszki chmielowe ;D;Dodany;2025-04-08 00:11:50;Darek Osuch;;;;
01.28.20.0_;1210 20 10;Szyszki chmielowe ;D;Dodany;2025-04-08 00:11:50;Darek Osuch;;;;
01.28.20.0_;1210 20 90;Szyszki chmielowe ;D;Dodany;2025-04-08 00:11:50;Darek Osuch;;;;
01.28.30.0_;1211 20 00;Rośliny wykorzystywane głównie w przemyśle perfumeryjnym, farmacji lub dla celów owadobójczych, grzybobójczych i innych podobnych ;D;Dodany;2025-04-08 00:11:50;Darek Osuch;;;;
01.28.30.0_;1211 30 00;Rośliny wykorzystywane głównie w przemyśle perfumeryjnym, farmacji lub dla celów owadobójczych, grzybobójczych i innych podobnych ;D;Dodany;2025-04-08 00:11:50;Darek Osuch;;;;
01.28.30.0_;1211 40 00;Rośliny wykorzystywane głównie w przemyśle perfumeryjnym, farmacji lub dla celów owadobójczych, grzybobójczych i innych podobnych ;D;Dodany;2025-04-08 00:11:50;Darek Osuch;;;;
01.28.30.0_;1211 50 00*;Rośliny wykorzystywane głównie w przemyśle perfumeryjnym, farmacji lub dla celów owadobójczych, grzybobójczych i innych podobnych ;D;Dodany;2025-04-08 00:11:50;Darek Osuch;;;;
01.28.30.0_;1211 60 00;Rośliny wykorzystywane głównie w przemyśle perfumeryjnym, farmacji lub dla celów owadobójczych, grzybobójczych i innych podobnych ;D;Dodany;2025-04-08 00:11:50;Darek Osuch;;;;
01.28.30.0_;1211 90 30;Rośliny wykorzystywane głównie w przemyśle perfumeryjnym, farmacji lub dla celów owadobójczych, grzybobójczych i innych podobnych ;D;Dodany;2025-04-08 00:11:50;Darek Osuch;;;;
01.28.30.0_;1211 90 86*;Rośliny wykorzystywane głównie w przemyśle perfumeryjnym, farmacji lub dla celów owadobójczych, grzybobójczych i innych podobnych ;D;Dodany;2025-04-08 00:11:50;Darek Osuch;;;;
01.29.10.0_;4001 10 00;Kauczuk naturalny ;D;Dodany;2025-04-08 00:11:50;Darek Osuch;;;;
01.29.10.0_;4001 21 00;Kauczuk naturalny ;D;Dodany;2025-04-08 00:11:50;Darek Osuch;;;;
01.29.10.0_;4001 22 00;Kauczuk naturalny ;D;Dodany;2025-04-08 00:11:50;Darek Osuch;;;;
01.29.10.0_;4001 29 00;Kauczuk naturalny ;D;Dodany;2025-04-08 00:11:50;Darek Osuch;;;;
01.29.20.0_;0604 20 20;Choinki świąteczne cięte ;D;Dodany;2025-04-08 00:11:50;Darek Osuch;;;;
01.29.30.0_;1401 10 00;Materiały roślinne w rodzaju stosowanych głównie do wyplatania, wyściełania, wypychania lub w farbowaniu lub garbowaniu ;D;Dodany;2025-04-08 00:11:50;Darek Osuch;;;;
01.29.30.0_;1401 20 00;Materiały roślinne w rodzaju stosowanych głównie do wyplatania, wyściełania, wypychania lub w farbowaniu lub garbowaniu ;D;Dodany;2025-04-08 00:11:50;Darek Osuch;;;;
01.29.30.0_;1401 90 00;Materiały roślinne w rodzaju stosowanych głównie do wyplatania, wyściełania, wypychania lub w farbowaniu lub garbowaniu ;D;Dodany;2025-04-08 00:11:50;Darek Osuch;;;;
01.29.30.0_;1404 90 00*;Materiały roślinne w rodzaju stosowanych głównie do wyplatania, wyściełania, wypychania lub w farbowaniu lub garbowaniu ;D;Dodany;2025-04-08 00:11:50;Darek Osuch;;;;
01.30.10.0_111;0601 10 10;"Materiał nasadzeniowy: rośliny żywe, cebulki, bulwy i korzenie, sadzonki i szczepy; grzybnia na nasiona/sadzonki";D;Dodany;2025-04-08 00:11:50;Darek Osuch;;;;
01.30.10.0_111;0601 10 20;"Materiał nasadzeniowy: rośliny żywe, cebulki, bulwy i korzenie, sadzonki i szczepy; grzybnia na nasiona/sadzonki";D;Dodany;2025-04-08 00:11:50;Darek Osuch;;;;
01.30.10.0_111;0601 10 30;"Materiał nasadzeniowy: rośliny żywe, cebulki, bulwy i korzenie, sadzonki i szczepy; grzybnia na nasiona/sadzonki";D;Dodany;2025-04-08 00:11:50;Darek Osuch;;;;
01.30.10.0_111;0601 10 40;"Materiał nasadzeniowy: rośliny żywe, cebulki, bulwy i korzenie, sadzonki i szczepy; grzybnia na nasiona/sadzonki";D;Dodany;2025-04-08 00:11:50;Darek Osuch;;;;
01.30.10.0_111;0601 10 90;"Materiał nasadzeniowy: rośliny żywe, cebulki, bulwy i korzenie, sadzonki i szczepy; grzybnia na nasiona/sadzonki";D;Dodany;2025-04-08 00:11:50;Darek Osuch;;;;
01.30.10.0_111;0601 20 10;"Materiał nasadzeniowy: rośliny żywe, cebulki, bulwy i korzenie, sadzonki i szczepy; grzybnia na nasiona/sadzonki";D;Dodany;2025-04-08 00:11:50;Darek Osuch;;;;
01.30.10.0_111;0601 20 30;"Materiał nasadzeniowy: rośliny żywe, cebulki, bulwy i korzenie, sadzonki i szczepy; grzybnia na nasiona/sadzonki";D;Dodany;2025-04-08 00:11:50;Darek Osuch;;;;
01.30.10.0_111;0601 20 90;"Materiał nasadzeniowy: rośliny żywe, cebulki, bulwy i korzenie, sadzonki i szczepy; grzybnia na nasiona/sadzonki";D;Dodany;2025-04-08 00:11:50;Darek Osuch;;;;
01.30.10.0_111;0602 10 10;"Materiał nasadzeniowy: rośliny żywe, cebulki, bulwy i korzenie, sadzonki i szczepy; grzybnia na nasiona/sadzonki";D;Dodany;2025-04-08 00:11:50;Darek Osuch;;;;
01.30.10.0_111;0602 10 90*;"Materiał nasadzeniowy: rośliny żywe, cebulki, bulwy i korzenie, sadzonki i szczepy; grzybnia na nasiona/sadzonki";D;Dodany;2025-04-08 00:11:50;Darek Osuch;;;;
01.30.10.0_111;0602 20 10;"Materiał nasadzeniowy: rośliny żywe, cebulki, bulwy i korzenie, sadzonki i szczepy; grzybnia na nasiona/sadzonki";D;Dodany;2025-04-08 00:11:50;Darek Osuch;;;;
01.30.10.0_111;0602 20 20;"Materiał nasadzeniowy: rośliny żywe, cebulki, bulwy i korzenie, sadzonki i szczepy; grzybnia na nasiona/sadzonki";D;Dodany;2025-04-08 00:11:50;Darek Osuch;;;;
01.30.10.0_111;0602 20 30;"Materiał nasadzeniowy: rośliny żywe, cebulki, bulwy i korzenie, sadzonki i szczepy; grzybnia na nasiona/sadzonki";D;Dodany;2025-04-08 00:11:50;Darek Osuch;;;;
01.30.10.0_111;0602 20 80;"Materiał nasadzeniowy: rośliny żywe, cebulki, bulwy i korzenie, sadzonki i szczepy; grzybnia na nasiona/sadzonki";D;Dodany;2025-04-08 00:11:50;Darek Osuch;;;;
01.30.10.0_111;0602 30 00;"Materiał nasadzeniowy: rośliny żywe, cebulki, bulwy i korzenie, sadzonki i szczepy; grzybnia na nasiona/sadzonki";D;Dodany;2025-04-08 00:11:50;Darek Osuch;;;;
01.30.10.0_111;0602 40 00;"Materiał nasadzeniowy: rośliny żywe, cebulki, bulwy i korzenie, sadzonki i szczepy; grzybnia na nasiona/sadzonki";D;Dodany;2025-04-08 00:11:50;Darek Osuch;;;;
01.30.10.0_111;0602 90 10;"Materiał nasadzeniowy: rośliny żywe, cebulki, bulwy i korzenie, sadzonki i szczepy; grzybnia na nasiona/sadzonki";D;Dodany;2025-04-08 00:11:50;Darek Osuch;;;;
01.30.10.0_111;0602 90 20;"Materiał nasadzeniowy: rośliny żywe, cebulki, bulwy i korzenie, sadzonki i szczepy; grzybnia na nasiona/sadzonki";D;Dodany;2025-04-08 00:11:50;Darek Osuch;;;;
01.30.10.0_111;0602 90 30;"Materiał nasadzeniowy: rośliny żywe, cebulki, bulwy i korzenie, sadzonki i szczepy; grzybnia na nasiona/sadzonki";D;Dodany;2025-04-08 00:11:50;Darek Osuch;;;;
01.30.10.0_111;0602 90 45*;"Materiał nasadzeniowy: rośliny żywe, cebulki, bulwy i korzenie, sadzonki i szczepy; grzybnia na nasiona/sadzonki";D;Dodany;2025-04-08 00:11:50;Darek Osuch;;;;
01.30.10.0_111;0602 90 46;"Materiał nasadzeniowy: rośliny żywe, cebulki, bulwy i korzenie, sadzonki i szczepy; grzybnia na nasiona/sadzonki";D;Dodany;2025-04-08 00:11:50;Darek Osuch;;;;
01.30.10.0_111;0602 90 47;"Materiał nasadzeniowy: rośliny żywe, cebulki, bulwy i korzenie, sadzonki i szczepy; grzybnia na nasiona/sadzonki";D;Dodany;2025-04-08 00:11:50;Darek Osuch;;;;
01.30.10.0_111;0602 90 48;"Materiał nasadzeniowy: rośliny żywe, cebulki, bulwy i korzenie, sadzonki i szczepy; grzybnia na nasiona/sadzonki";D;Dodany;2025-04-08 00:11:50;Darek Osuch;;;;
01.30.10.0_111;0602 90 50;"Materiał nasadzeniowy: rośliny żywe, cebulki, bulwy i korzenie, sadzonki i szczepy; grzybnia na nasiona/sadzonki";D;Dodany;2025-04-08 00:11:50;Darek Osuch;;;;
01.30.10.0_111;0602 90 70;"Materiał nasadzeniowy: rośliny żywe, cebulki, bulwy i korzenie, sadzonki i szczepy; grzybnia na nasiona/sadzonki";D;Dodany;2025-04-08 00:11:50;Darek Osuch;;;;
01.30.10.0_111;0602 90 91;"Materiał nasadzeniowy: rośliny żywe, cebulki, bulwy i korzenie, sadzonki i szczepy; grzybnia na nasiona/sadzonki";D;Dodany;2025-04-08 00:11:50;Darek Osuch;;;;
01.30.10.0_111;0602 90 99;"Materiał nasadzeniowy: rośliny żywe, cebulki, bulwy i korzenie, sadzonki i szczepy; grzybnia na nasiona/sadzonki";D;Dodany;2025-04-08 00:11:50;Darek Osuch;;;;
